platform;programId;trackingLink;params;redirector
DE;5643;http://partners.webmasterplan.com/click.aspx?site=5643&ref=[ref]&type=text&tnb=423&diurl=[deeplink];;
DE;2950;http://partners.webmasterplan.com/click.aspx?site=2950&ref=[ref]&type=text&tnb=132&diurl=[deeplink];page=&IWL=054&AffiliateID=LA992&campid=LA259650;
DE;2945;http://partners.webmasterplan.com/click.aspx?site=2945&ref=[ref]&type=text&tnb=187&diurl=[deeplink];hk=WW1&insert=WD&utm_source=affilinet&utm_medium=deeplink&utm_content=dl_article&utm_campaign=affiliate&WT.mc_id=affiliate_affilinet_textlink;https://m.exactag.com/cl.aspx?tc=51617901ff7ad4f03f52319e84c6cd7c&extSi=20367-$ref$&url=
DE;13142;http://partners.webmasterplan.com/click.aspx?site=13142&ref=[ref]&type=text&tnb=41&diurl=[deeplink];;
DE;8040;http://partners.webmasterplan.com/click.aspx?site=8040&ref=[ref]&type=text&tnb=199&diurl=[deeplink];refID=affilinet/affilinet_$ref$/Textlink/linkgen_&emsrc=aff;
DE;15838;http://partners.webmasterplan.com/click.aspx?site=15838&ref=[ref]&type=text&tnb=15&diurl=[deeplink];;
DE;9069;http://partners.webmasterplan.com/click.aspx?site=9069&ref=[ref]&type=text&tnb=223&diurl=[deeplink];;
DE;14354;http://partners.webmasterplan.com/click.aspx?site=14354&ref=[ref]&type=text&tnb=9&diurl=[deeplink];;
DE;13055;http://partners.webmasterplan.com/click.aspx?site=13055&ref=[ref]&type=text&tnb=22&diurl=[deeplink];;
DE;5050;http://partners.webmasterplan.com/click.aspx?site=5050&ref=[ref]&type=text&tnb=121&diurl=[deeplink];utm_campaign=affilinet&utm_source=affiliate&utm_medium=cpo;https://lidl.media01.eu/set.aspx?trackid=EB473B263EE1299B7CC7CF0260AE533D&dt_url=
DE;14665;http://partners.webmasterplan.com/click.aspx?site=14665&ref=[ref]&type=text&tnb=160&diurl=[deeplink];;
DE;8476;http://partners.webmasterplan.com/click.aspx?site=8476&ref=[ref]&type=text&tnb=79&diurl=[deeplink];;
DE;5571;http://partners.webmasterplan.com/click.aspx?site=5571&ref=[ref]&type=text&tnb=119&diurl=[deeplink];;
DE;3357;http://partners.webmasterplan.com/click.aspx?site=3357&ref=[ref]&type=text&tnb=60&diurl=[deeplink];;
DE;7768;http://partners.webmasterplan.com/click.aspx?site=7768&ref=[ref]&type=text&tnb=623&diurl=[deeplink];;
DE;3582;http://partners.webmasterplan.com/click.aspx?site=3582&ref=[ref]&type=text&tnb=217&diurl=[deeplink];source_code=AFNFR9005BN030212&bp_ua;
DE;15822;http://partners.webmasterplan.com/click.aspx?site=15822&ref=[ref]&type=text&tnb=6&diurl=[deeplink];;
DE;5494;http://partners.webmasterplan.com/click.aspx?site=5494&ref=[ref]&type=text&tnb=174&diurl=[deeplink];;
DE;7305;http://partners.webmasterplan.com/click.aspx?site=7305&ref=[ref]&type=text&tnb=57&diurl=[deeplink];;
DE;3617;http://partners.webmasterplan.com/click.aspx?site=3617&ref=[ref]&type=text&tnb=196&diurl=[deeplink];WKZ=95&IWL=900&ns_mchannel=aff&ns_linkname=bann&ns_fee=0;
DE;7282;http://partners.webmasterplan.com/click.aspx?site=7282&ref=[ref]&type=text&tnb=77&diurl=[deeplink];sc=7M3C&cm_mmc=Affilinet-_-$ref$-_-AW16_D11_Nov-_-Text&utm_source=Affiliates&utm_medium=Affilinet&utm_campaign=AW16_D11_Nov;
DE;1943;http://partners.webmasterplan.com/click.aspx?site=1943&ref=[ref]&type=text&tnb=45&diurl=[deeplink];tagmancampaign=6&tmclickref=&ref=$ref$&affmt=$affmt$&affmn=$affmn$&refID=de/affilinet&emsrc=af&utm_source=affilinet&utm_medium=af&utm_campaign=DE-$ref$;
DE;3780;http://partners.webmasterplan.com/click.aspx?site=3780&ref=[ref]&type=text&tnb=47&diurl=[deeplink];wea/1160015/;
DE;5261;http://partners.webmasterplan.com/click.aspx?site=5261&ref=[ref]&type=text&tnb=327&diurl=[deeplink];;
DE;8931;http://partners.webmasterplan.com/click.aspx?site=8931&ref=[ref]&type=text&tnb=15&diurl=[deeplink];;
DE;8928;http://partners.webmasterplan.com/click.aspx?site=8928&ref=[ref]&type=text&tnb=15&diurl=[deeplink];;
DE;10272;http://partners.webmasterplan.com/click.aspx?site=10272&ref=[ref]&type=text&tnb=16&diurl=[deeplink];ref=6209&ns_campaign=affili_generator_6209&ns_mchannel=affiliate&ns_source=affilinet&ns_fee=1&exactc=e2b3931d7a0e70957e57c56abebb28fa;
DE;12515;http://partners.webmasterplan.com/click.aspx?site=12515&ref=[ref]&type=text&tnb=72&diurl=[deeplink];;
DE;8932;http://partners.webmasterplan.com/click.aspx?site=8932&ref=[ref]&type=text&tnb=14&diurl=[deeplink];;
DE;7997;http://partners.webmasterplan.com/click.aspx?site=7997&ref=[ref]&type=text&tnb=113&diurl=[deeplink];;http://tracking.metalyzer.com/toysrus/de/affiliate/click.php?kid=1770&dlid=1&conid=20954&fwid=1050708&par=a-aff&ref=$ref$&subid2=$affmt$&url=
DE;3963;http://partners.webmasterplan.com/click.aspx?site=3963&ref=[ref]&type=text&tnb=88&diurl=[deeplink];exactc=6a587a0005e50e81aea46660da5898da;
DE;8653;http://partners.webmasterplan.com/click.aspx?site=8653&ref=[ref]&type=text&tnb=87&diurl=[deeplink];divacampaign=100000000000106&campaign=de/cc/affiliate/affili_net/;
DE;8472;http://partners.webmasterplan.com/click.aspx?site=8472&ref=[ref]&type=text&tnb=86&diurl=[deeplink];divacampaign=100000000000105&campaign=de/so/affiliate/affili_net/;
DE;9138;http://partners.webmasterplan.com/click.aspx?site=9138&ref=[ref]&type=text&tnb=384&diurl=[deeplink];;
DE;1879;http://partners.webmasterplan.com/click.aspx?site=1879&ref=[ref]&type=text&tnb=130&diurl=[deeplink];wbdc=CZucfyeCjS&wt_cc1=[[trackingcode]];http://carat.adspirit.de/adclick.php?pid=460&wmid=2204&ord=[timestamp]&target=http%3A%2F%2Fm.exactag.com%2Fcl.aspx%3Ftc%3D7bd785f2348653c571b55a7829bc14e4%26keyword%3D%24ref%24%26ref%3D%24ref%24%26url%3D
DE;13055;http://partners.webmasterplan.com/click.aspx?site=13055&ref=[ref]&type=text&tnb=22&diurl=[deeplink];;
DE;8689;http://partners.webmasterplan.com/click.aspx?site=8689&ref=[ref]&type=text&tnb=111&diurl=[deeplink];;
DE;13734;http://partners.webmasterplan.com/click.aspx?site=13734&ref=[ref]&type=text&tnb=21&diurl=[deeplink];;
DE;15608;http://partners.webmasterplan.com/click.aspx?site=15608&ref=[ref]&type=text&tnb=18&diurl=[deeplink];;
DE;2150;http://partners.webmasterplan.com/click.aspx?site=2150&ref=[ref]&type=text&tnb=45&diurl=[deeplink];mc=DEU_MTS_ONL_AFF_Affili.net_Affiliate-Links_000_000;
DE;7270;http://partners.webmasterplan.com/click.aspx?site=7270&ref=[ref]&type=text&tnb=96&diurl=[deeplink];mc=DEU_MPD_ONL_AFF_affilinet_banner_standard_000;
DE;2897;http://partners.webmasterplan.com/click.aspx?site=2897&ref=[ref]&type=text&tnb=155&diurl=[deeplink];AffiliateID=affilinet&Name=influbrowextension&WKZ=77&IWL=104&NUMSArt=44549370&NUMSArtPc=44978979;
DE;6327;http://partners.webmasterplan.com/click.aspx?site=6327&ref=[ref]&type=text&tnb=69&diurl=[deeplink];gw=176308308;
DE;6668;http://partners.webmasterplan.com/click.aspx?site=6668&ref=[ref]&type=text&tnb=93&diurl=[deeplink];;
DE;9141;http://partners.webmasterplan.com/click.aspx?site=9141&ref=[ref]&type=text&tnb=258&diurl=[deeplink];;
DE;9846;http://partners.webmasterplan.com/click.aspx?site=9846&ref=[ref]&type=text&tnb=77&diurl=[deeplink];;
DE;14637;http://partners.webmasterplan.com/click.aspx?site=14637&ref=[ref]&type=text&tnb=146&diurl=[deeplink];utm_medium=affiliate&utm_source=affilinet&utm_campaign=$ref$&utm_content=$affmt$____$affmn$_textlinkgenerator-URL&utm=dynamic;
DE;15168;http://partners.webmasterplan.com/click.aspx?site=15168&ref=[ref]&type=text&tnb=342&diurl=[deeplink];camp=affilinet;
DE;16062;http://partners.webmasterplan.com/click.aspx?site=16062&ref=[ref]&type=text&tnb=37&diurl=[deeplink];;
DE;13245;http://partners.webmasterplan.com/click.aspx?site=13245&ref=[ref]&type=text&tnb=47&diurl=[deeplink];adCode=032Q40W10C22B&utm_source=afn&utm_medium=af&utm_content=Lkg&utm_campaign=brd;
DE;7932;http://partners.webmasterplan.com/click.aspx?site=7932&ref=[ref]&type=text&tnb=248&diurl=[deeplink];vcp=d371618ae93f99&refID=HappySize_DE/Affilinet/BrowserExtension/Textlink&emsrc=Affiliate&utm_source=affiliate&utm_medium=affilinet&utm_campaign=affilinet_browserextension&utm_content=textlink&refPa=1;
DE;16403;http://partners.webmasterplan.com/click.aspx?site=16403&ref=[ref]&type=text&tnb=7&diurl=[deeplink];;
DE;14917;http://partners.webmasterplan.com/click.aspx?site=14917&ref=[ref]&type=text&tnb=10&diurl=[deeplink];;
DE;9881;http://partners.webmasterplan.com/click.aspx?site=9881&ref=[ref]&type=text&tnb=55&diurl=[deeplink];;
DE;12456;http://partners.webmasterplan.com/click.aspx?site=12456&ref=[ref]&type=text&tnb=94&diurl=[deeplink];;
DE;8329;http://partners.webmasterplan.com/click.aspx?site=8329&ref=[ref]&type=text&tnb=157&diurl=[deeplink];;
DE;5649;http://partners.webmasterplan.com/click.aspx?site=5649&ref=[ref]&type=text&tnb=61&diurl=[deeplink];;
DE;13520;http://partners.webmasterplan.com/click.aspx?site=13520&ref=[ref]&type=text&tnb=282&diurl=[deeplink];;
DE;4100;http://partners.webmasterplan.com/click.aspx?site=4100&ref=[ref]&type=text&tnb=74&diurl=[deeplink];ecid=aff_jahn_nn_dl-generator_affilinet_text-ad_all_nn_nn-nn-nn_nn;
DE;14506;http://partners.webmasterplan.com/click.aspx?site=14506&ref=[ref]&type=text&tnb=20&diurl=[deeplink];;
DE;10953;http://partners.webmasterplan.com/click.aspx?site=10953&ref=[ref]&type=text&tnb=83&diurl=[deeplink];;
DE;4659;http://partners.webmasterplan.com/click.aspx?site=4659&ref=[ref]&type=text&tnb=214&diurl=[deeplink];;
DE;13233;http://partners.webmasterplan.com/click.aspx?site=13233&ref=[ref]&type=text&tnb=103&diurl=[deeplink];;
DE;3578;http://partners.webmasterplan.com/click.aspx?site=3578&ref=[ref]&type=text&tnb=138&diurl=[deeplink];;
DE;14417;http://partners.webmasterplan.com/click.aspx?site=14417&ref=[ref]&type=text&tnb=13&diurl=[deeplink];;
DE;16571;http://partners.webmasterplan.com/click.aspx?site=16571&ref=[ref]&type=text&tnb=21&diurl=[deeplink];;
DE;6466;http://partners.webmasterplan.com/click.aspx?site=6466&ref=[ref]&type=text&tnb=91&diurl=[deeplink];utm_campaign=linkgenerator;
DE;16614;http://partners.webmasterplan.com/click.aspx?site=16614&ref=[ref]&type=text&tnb=12&diurl=[deeplink];;
DE;16496;http://partners.webmasterplan.com/click.aspx?site=16496&ref=[ref]&type=text&tnb=11&diurl=[deeplink];;
DE;16522;http://partners.webmasterplan.com/click.aspx?site=16522&ref=[ref]&type=text&tnb=4&diurl=[deeplink];;
DE;16523;http://partners.webmasterplan.com/click.aspx?site=16523&ref=[ref]&type=text&tnb=4&diurl=[deeplink];;
DE;2579;http://partners.webmasterplan.com/click.aspx?site=2579&ref=[ref]&type=text&tnb=158&diurl=[deeplink];id=affilinet;
DE;2841;http://partners.webmasterplan.com/click.aspx?site=2841&ref=[ref]&type=text&tnb=63&diurl=[deeplink];;
DE;16378;http://partners.webmasterplan.com/click.aspx?site=16378&ref=[ref]&type=text&tnb=33&diurl=[deeplink];;
DE;16597;http://partners.webmasterplan.com/click.aspx?site=16597&ref=[ref]&type=text&tnb=25&diurl=[deeplink];;
DE;2347;http://partners.webmasterplan.com/click.aspx?site=2347&ref=[ref]&type=text&tnb=174&diurl=[deeplink];;
DE;15750;http://partners.webmasterplan.com/click.aspx?site=15750&ref=[ref]&type=text&tnb=46&diurl=[deeplink];pid=affilinet&idcamp=114;
DE;3511;http://partners.webmasterplan.com/click.aspx?site=3511&ref=[ref]&type=text&tnb=154&diurl=[deeplink];src=affilinet;
DE;10638;http://partners.webmasterplan.com/click.aspx?site=10638&ref=[ref]&type=text&tnb=25&diurl=[deeplink];partner=-1;
DE;13117;http://partners.webmasterplan.com/click.aspx?site=13117&ref=[ref]&type=text&tnb=20&diurl=[deeplink];;
DE;14070;http://partners.webmasterplan.com/click.aspx?site=14070&ref=[ref]&type=text&tnb=18&diurl=[deeplink];;
DE;9309;http://partners.webmasterplan.com/click.aspx?site=9309&ref=[ref]&type=text&tnb=54&diurl=[deeplink];utm_source=affilinet&utm_medium=cpl&utm_campaign=affilinet-deeplink;
DE;3719;http://partners.webmasterplan.com/click.aspx?site=3719&ref=[ref]&type=text&tnb=139&diurl=[deeplink];cm_mmc=affiliate-_-Affilinet-_-Deeplinktool-_-noiff;
DE;4931;http://partners.webmasterplan.com/click.aspx?site=4931&ref=[ref]&type=text&tnb=41&diurl=[deeplink];;
DE;11974;http://partners.webmasterplan.com/click.aspx?site=11974&ref=[ref]&type=text&tnb=45&diurl=[deeplink];lang=de_DE&etcc_med=Affiliate&etcc_grp=affiliate&etcc_par=affili.net&etcc_ctv=link-generator-camper&etcc_tar=affiliate-lp&pk_campaign=link-generator-camper&pk_kwd=affilinet;
DE;9840;http://partners.webmasterplan.com/click.aspx?site=9840&ref=[ref]&type=text&tnb=373&diurl=[deeplink];cm_mmc=affiliate-_-Affilinet-_-Deeplinktool-_-noiff;
DE;15333;http://partners.webmasterplan.com/click.aspx?site=15333&ref=[ref]&type=text&tnb=76&diurl=[deeplink];;
DE;8882;http://partners.webmasterplan.com/click.aspx?site=8882&ref=[ref]&type=text&tnb=313&diurl=[deeplink];;
DE;9853;http://partners.webmasterplan.com/click.aspx?site=9853&ref=[ref]&type=text&tnb=180&diurl=[deeplink];rbtc=aff|con|$ref$||||;
DE;4614;http://partners.webmasterplan.com/click.aspx?site=4614&ref=[ref]&type=text&tnb=51&diurl=[deeplink];;
DE;15428;http://partners.webmasterplan.com/click.aspx?site=15428&ref=[ref]&type=text&tnb=23&diurl=[deeplink];utm_source=affilinet&utm_campaign=Product_Datenfeed&utm_medium=affiliate&utm_content=Deeplink_Generator;
DE;5247;http://partners.webmasterplan.com/click.aspx?site=5247&ref=[ref]&type=text&tnb=16&diurl=[deeplink];c=affiliate.quisma&wt_mc=017_1800_001_006_002_000;
DE;7520;http://partners.webmasterplan.com/click.aspx?site=7520&ref=[ref]&type=text&tnb=115&diurl=[deeplink];mc=affiliate.affilinet.allgemein.banner;
DE;8948;http://partners.webmasterplan.com/click.aspx?site=8948&ref=[ref]&type=text&tnb=62&diurl=[deeplink];i=click&client=reichelt&camp=logo&l=de&nw=3iel;
DE;9387;http://partners.webmasterplan.com/click.aspx?site=9387&ref=[ref]&type=text&tnb=11&diurl=[deeplink];utm_medium=textlink&utm_campaign=deeplink-generator;
DE;16766;http://partners.webmasterplan.com/click.aspx?site=16766&ref=[ref]&type=text&tnb=4&diurl=[deeplink];;
DE;2400;http://partners.webmasterplan.com/click.aspx?site=2400&ref=[ref]&type=text&tnb=153&diurl=[deeplink];;
DE;3060;http://partners.webmasterplan.com/click.aspx?site=3060&ref=[ref]&type=text&tnb=202&diurl=[deeplink];;
DE;3086;http://partners.webmasterplan.com/click.aspx?site=3086&ref=[ref]&type=text&tnb=163&diurl=[deeplink];expa=AN;
DE;6958;http://partners.webmasterplan.com/click.aspx?site=6958&ref=[ref]&type=text&tnb=232&diurl=[deeplink];;
DE;7766;http://partners.webmasterplan.com/click.aspx?site=7766&ref=[ref]&type=text&tnb=298&diurl=[deeplink];;
DE;11097;http://partners.webmasterplan.com/click.aspx?site=11097&ref=[ref]&type=text&tnb=124&diurl=[deeplink];;
DE;13048;http://partners.webmasterplan.com/click.aspx?site=13048&ref=[ref]&type=text&tnb=77&diurl=[deeplink];utm_source=affilinet&utm_medium=affiliation&utm_campaign=standard;
DE;3174;http://partners.webmasterplan.com/click.aspx?site=3174&ref=[ref]&type=text&tnb=178&diurl=[deeplink];wt_mc=aff.affiliate.$ref$.tl-generator.;https://m.exactag.com/cl.aspx?tc=567bdc85f77ca4a130901a3c8604c31f&cinfo=$affmn$|$affmt$&ref=$ref$&url=
DE;3257;http://partners.webmasterplan.com/click.aspx?site=3257&ref=[ref]&type=text&tnb=188&diurl=[deeplink];mlid=affilinet;
DE;4823;http://partners.webmasterplan.com/click.aspx?site=4823&ref=[ref]&type=text&tnb=74&diurl=[deeplink];nsctrid=1111111111&ori=af;
DE;7075;http://partners.webmasterplan.com/click.aspx?site=7075&ref=[ref]&type=text&tnb=248&diurl=[deeplink];;
DE;10317;http://partners.webmasterplan.com/click.aspx?site=10317&ref=[ref]&type=text&tnb=170&diurl=[deeplink];;
DE;16546;http://partners.webmasterplan.com/click.aspx?site=16546&ref=[ref]&type=text&tnb=8&diurl=[deeplink];;
DE;4084;http://partners.webmasterplan.com/click.aspx?site=4084&ref=[ref]&type=text&tnb=85&diurl=[deeplink];lkz=225742;
DE;9806;http://partners.webmasterplan.com/click.aspx?site=9806&ref=[ref]&type=text&tnb=61&diurl=[deeplink];utm_source=Affiliate&utm_medium=Referrer&utm_campaign=Sale&utm_content=Sale&adword=affilinet;
DE;13389;http://partners.webmasterplan.com/click.aspx?site=13389&ref=[ref]&type=text&tnb=49&diurl=[deeplink];lkz=248836;
DE;13894;http://partners.webmasterplan.com/click.aspx?site=13894&ref=[ref]&type=text&tnb=67&diurl=[deeplink];wt_mc=affiliate_marketing.affiliate_marketing.afm_at&utm_source=afm&utm_medium=afm&utm_campaign=default;
DE;14820;http://partners.webmasterplan.com/click.aspx?site=14820&ref=[ref]&type=text&tnb=17&diurl=[deeplink];lkz=391957;
DE;11679;http://partners.webmasterplan.com/click.aspx?site=11679&ref=[ref]&type=text&tnb=20&diurl=[deeplink];;
DE;9695;http://partners.webmasterplan.com/click.aspx?site=9695&ref=[ref]&type=text&tnb=196&diurl=[deeplink];;
DE;3928;http://partners.webmasterplan.com/click.aspx?site=3928&ref=[ref]&type=text&tnb=221&diurl=[deeplink];etcc_cmp=textlink;
DE;5333;http://partners.webmasterplan.com/click.aspx?site=5333&ref=[ref]&type=text&tnb=56&diurl=[deeplink];emsrc=affiliate&refID=affilinet;
DE;6618;http://partners.webmasterplan.com/click.aspx?site=6618&ref=[ref]&type=text&tnb=461&diurl=[deeplink];campaign=Affiliate/Affilinet/Textlink/Mode&lmEntry0=Affiliate&lmEntry1=Affilinet&lmEntry2=Default&lmEntry3=Startseite;
DE;10685;http://partners.webmasterplan.com/click.aspx?site=10685&ref=[ref]&type=text&tnb=187&diurl=[deeplink];utm_source=affilinet_$ref$&utm_medium=affiliate&utm_campaign=toolbar;
DE;10718;http://partners.webmasterplan.com/click.aspx?site=10718&ref=[ref]&type=text&tnb=115&diurl=[deeplink];;
DE;12586;http://partners.webmasterplan.com/click.aspx?site=12586&ref=[ref]&type=text&tnb=66&diurl=[deeplink];;
DE;13488;http://partners.webmasterplan.com/click.aspx?site=13488&ref=[ref]&type=text&tnb=42&diurl=[deeplink];utm_source=$ref$&utm_medium=Affiliate&utm_campaign=Textlink&utm_term=$affmn$;
DE;13531;http://partners.webmasterplan.com/click.aspx?site=13531&ref=[ref]&type=text&tnb=218&diurl=[deeplink];etcc_med=affiliate&etcc_par=affilinet;
DE;14414;http://partners.webmasterplan.com/click.aspx?site=14414&ref=[ref]&type=text&tnb=21&diurl=[deeplink];etcc_cmp=linkgenerator&etcc_ctv=textlink;
DE;15162;http://partners.webmasterplan.com/click.aspx?site=15162&ref=[ref]&type=text&tnb=82&diurl=[deeplink];;
DE;16418;http://partners.webmasterplan.com/click.aspx?site=16418&ref=[ref]&type=text&tnb=74&diurl=[deeplink];utm_campaign=textlink;
DE;5104;http://partners.webmasterplan.com/click.aspx?site=5104&ref=[ref]&type=text&tnb=43&diurl=[deeplink];;
DE;2555;http://partners.webmasterplan.com/click.aspx?site=2555&ref=[ref]&type=text&tnb=36&diurl=[deeplink];;
DE;12298;http://partners.webmasterplan.com/click.aspx?site=12298&ref=[ref]&type=text&tnb=44&diurl=[deeplink];;
DE;3323;http://partners.webmasterplan.com/click.aspx?site=3323&ref=[ref]&type=text&tnb=80&diurl=[deeplink];;http://track.tnm.de/wa/dl?tnmid=44&dlurl=
DE;4277;http://partners.webmasterplan.com/click.aspx?site=4277&ref=[ref]&type=text&tnb=117&diurl=[deeplink];;http://track.tnm.de/wa/dl?tnmid=6&dlurl=
DE;6602;http://partners.webmasterplan.com/click.aspx?site=6602&ref=[ref]&type=text&tnb=130&diurl=[deeplink];;http://track.tnm.de/wa/dl?tnmid=46&dlurl=
DE;7317;http://partners.webmasterplan.com/click.aspx?site=7317&ref=[ref]&type=text&tnb=70&diurl=[deeplink];;http://track.tnm.de/wa/dl?tnmid=10&dlurl=
DE;10131;http://partners.webmasterplan.com/click.aspx?site=10131&ref=[ref]&type=text&tnb=66&diurl=[deeplink];;http://track.tnm.de/wa/dl?tnmid=8&dlurl=
DE;10737;http://partners.webmasterplan.com/click.aspx?site=10737&ref=[ref]&type=text&tnb=41&diurl=[deeplink];;http://track.tnm.de/wa/dl?tnmid=21&dlurl=
DE;14707;http://partners.webmasterplan.com/click.aspx?site=14707&ref=[ref]&type=text&tnb=26&diurl=[deeplink];;http://track.tnm.de/wa/dl?tnmid=48&dlurl=
DE;15238;http://partners.webmasterplan.com/click.aspx?site=15238&ref=[ref]&type=text&tnb=133&diurl=[deeplink];utm_source=affiliate&utm_medium=cps&utm_campaign=affilinet&utm_term=default&utm_content=0;
DE;15251;http://partners.webmasterplan.com/click.aspx?site=15251&ref=[ref]&type=text&tnb=27&diurl=[deeplink];;
DE;15648;http://partners.webmasterplan.com/click.aspx?site=15648&ref=[ref]&type=text&tnb=15&diurl=[deeplink];;http://track.tnm.de/wa/dl?tnmid=45&dlurl=
AT;13062;http://partners.webmasterplan.com/click.aspx?site=13062&ref=[ref]&type=text&tnb=33&diurl=[deeplink];;http://track.tnm.de/wa/dl?tnmid=35&dlurl=
DE;9700;http://partners.webmasterplan.com/click.aspx?site=9700&ref=[ref]&type=text&tnb=130&diurl=[deeplink];;
DE;7064;http://partners.webmasterplan.com/click.aspx?site=7064&ref=[ref]&type=text&tnb=23&diurl=[deeplink];;
DE;11573;http://partners.webmasterplan.com/click.aspx?site=11573&ref=[ref]&type=text&tnb=22&diurl=[deeplink];;
DE;13654;http://partners.webmasterplan.com/click.aspx?site=13654&ref=[ref]&type=text&tnb=31&diurl=[deeplink];;
DE;14455;http://partners.webmasterplan.com/click.aspx?site=14455&ref=[ref]&type=text&tnb=44&diurl=[deeplink];;
DE;15188;http://partners.webmasterplan.com/click.aspx?site=15188&ref=[ref]&type=text&tnb=9&diurl=[deeplink];;
DE;15659;http://partners.webmasterplan.com/click.aspx?site=15659&ref=[ref]&type=text&tnb=23&diurl=[deeplink];;
AT;15555;http://partners.webmasterplan.com/click.aspx?site=15555&ref=[ref]&type=text&tnb=22&diurl=[deeplink];;
DE;16738;http://partners.webmasterplan.com/click.aspx?site=16738&ref=[ref]&type=text&tnb=2&diurl=[deeplink];;
DE;15300;http://partners.webmasterplan.com/click.aspx?site=15300&ref=[ref]&type=text&tnb=15&diurl=[deeplink];;
DE;15301;http://partners.webmasterplan.com/click.aspx?site=15301&ref=[ref]&type=text&tnb=12&diurl=[deeplink];;
DE;15302;http://partners.webmasterplan.com/click.aspx?site=15302&ref=[ref]&type=text&tnb=11&diurl=[deeplink];;
DE;3119;http://partners.webmasterplan.com/click.aspx?site=3119&ref=[ref]&type=text&tnb=153&diurl=[deeplink];wkz=WAAL02;https://m.exactag.com/cl.aspx?extCa=923&extTcm=af-con&keyword=&url=
DE;3568;http://partners.webmasterplan.com/click.aspx?site=3568&ref=[ref]&type=text&tnb=143&diurl=[deeplink];customerType=business&cm_mmc=affnet-_-$ref$-_-equipment_b2b-_-468x60&s2m_channel=84&s2m_exaffid=$ref$;http://tracking.metalyzer.com/odp/viking/de/click.php?kid=1346&dlid=1&conid=13914&fwid=334719&url=
DE;3765;http://partners.webmasterplan.com/click.aspx?site=3765&ref=[ref]&type=text&tnb=116&diurl=[deeplink];;
DE;3958;http://partners.webmasterplan.com/click.aspx?site=3958&ref=[ref]&type=text&tnb=44&diurl=[deeplink];marketingActionGrade=326&campaign=affiliate_DE/affilinet;
DE;4195;http://partners.webmasterplan.com/click.aspx?site=4195&ref=[ref]&type=text&tnb=83&diurl=[deeplink];p=100025;
DE;4712;http://partners.webmasterplan.com/click.aspx?site=4712&ref=[ref]&type=text&tnb=31&diurl=[deeplink];;
DE;5727;http://partners.webmasterplan.com/click.aspx?site=5727&ref=[ref]&type=text&tnb=102&diurl=[deeplink];debname=maxximaffiliate&utm_source=affilinet&utm_medium=referral&utm_campaign=affiliate_affilinet;
DE;6159;http://partners.webmasterplan.com/click.aspx?site=6159&ref=[ref]&type=text&tnb=154&diurl=[deeplink];;
DE;6856;http://partners.webmasterplan.com/click.aspx?site=6856&ref=[ref]&type=text&tnb=50&diurl=[deeplink];;
DE;6922;http://partners.webmasterplan.com/click.aspx?site=6922&ref=[ref]&type=text&tnb=50&diurl=[deeplink];debName=sunnysales&utm_source=affilinet&utm_medium=referral&utm_campaign=affiliate_affilinet;http://m.exactag.com/cl.aspx?tc=6e52fd45f3f6860bc14237dc3e53d46d&url=
DE;7207;http://partners.webmasterplan.com/click.aspx?site=7207&ref=[ref]&type=text&tnb=50&diurl=[deeplink];;
DE;8342;http://partners.webmasterplan.com/click.aspx?site=8342&ref=[ref]&type=text&tnb=32&diurl=[deeplink];debName=sunnysales&utm_source=affilinet&utm_medium=referral&utm_campaign=affiliate_affilinet;https://m.exactag.com/cl.aspx?tc=9635aaa888e1f4d9af5606682057c955&url=
DE;8779;http://partners.webmasterplan.com/click.aspx?site=8779&ref=[ref]&type=text&tnb=60&diurl=[deeplink];refid=30117&channelid=18957&cl=2363431383136323131303&bm=100&bmcl=7363735313236323131303&cp=101&ag=101&crid=101&subid=Keyword1;http://t23.intelliad.de/index.php?redirect=https%3A%2F%2Fm.exactag.com%2Fcl.aspx%3Ftc%3D945bb649d9a015e7f96774c03291d0aa%26url%3D
DE;10806;http://partners.webmasterplan.com/click.aspx?site=10806&ref=[ref]&type=text&tnb=188&diurl=[deeplink];partnerid=affilinet_de;https://ad2.media01.eu/set.aspx?trackid=8C93074EE9D504640012B773060ACA7D&dt_subid1=&dt_subid2=&dt_keywords=&dt_freetext=&dt_url=
DE;12312;http://partners.webmasterplan.com/click.aspx?site=12312&ref=[ref]&type=text&tnb=38&diurl=[deeplink];utm_source=affilinet&utm_medium=textlink&utm_campaign=affiliate&utm_content=browserextension;
DE;14832;http://partners.webmasterplan.com/click.aspx?site=14832&ref=[ref]&type=text&tnb=24&diurl=[deeplink];cid=affiliate&utm_source=affiliate&utm_medium=teaser&utm_campaign=affiliate;
DE;15637;http://partners.webmasterplan.com/click.aspx?site=15637&ref=[ref]&type=text&tnb=81&diurl=[deeplink];utm_campaign=standard;
DE;15689;http://partners.webmasterplan.com/click.aspx?site=15689&ref=[ref]&type=text&tnb=15&diurl=[deeplink];;
AT;11653;http://partners.webmasterplan.com/click.aspx?site=11653&ref=[ref]&type=text&tnb=34&diurl=[deeplink];cm_mmc=affnet-_-$ref$-$subid$-_-general_b2b-_-textlink&pr=*;https://tracking.metalyzer.com/odp/viking/at/click.php?kid=1352&dlid=1&conid=13920&fwid=334720&ref=$ref$-$subid$&url=
AT;11775;http://partners.webmasterplan.com/click.aspx?site=11775&ref=[ref]&type=text&tnb=180&diurl=[deeplink];partnerid=affilinet_at;https://ad2.media01.eu/set.aspx?trackid=614FB9D982E3CD394F62A3138FE5BBD5&dt_subid1=&dt_subid2=&dt_keywords=&dt_freetext=&dt_url=
AT;12778;http://partners.webmasterplan.com/click.aspx?site=12778&ref=[ref]&type=text&tnb=27&diurl=[deeplink];marketingActionGrade=751&campaign=affiliate_AT/affilinet;
AT;13399;http://partners.webmasterplan.com/click.aspx?site=13399&ref=[ref]&type=text&tnb=35&diurl=[deeplink];lkz=248837;
AT;14194;http://partners.webmasterplan.com/click.aspx?site=14194&ref=[ref]&type=text&tnb=26&diurl=[deeplink];;
AT;14669;http://partners.webmasterplan.com/click.aspx?site=14669&ref=[ref]&type=text&tnb=14&diurl=[deeplink];;
AT;14846;http://partners.webmasterplan.com/click.aspx?site=14846&ref=[ref]&type=text&tnb=38&diurl=[deeplink];setcountry=AT&wt_mc=afm&utm_source=afm&utm_medium=afm&utm_campaign=default;
DE;15683;http://partners.webmasterplan.com/click.aspx?site=15683&ref=[ref]&type=text&tnb=17&diurl=[deeplink];;
DE;9366;http://partners.webmasterplan.com/click.aspx?site=9366&ref=[ref]&type=text&tnb=34&diurl=[deeplink];utm_source=affilinet&utm_medium=Affiliate&utm_campaign=Paid_Affiliate_Broad_Performance_affilinet_affilinet_Special-Offers_Always-On&utm_content=Performance_affilinet_Always-On_x_Text-Link_x&RefID=A_101;
DE;12815;http://partners.webmasterplan.com/click.aspx?site=12815&ref=[ref]&type=text&tnb=38&diurl=[deeplink];et_cid=7&et_lid=21;
DE;13685;http://partners.webmasterplan.com/click.aspx?site=13685&ref=[ref]&type=text&tnb=27&diurl=[deeplink];;
DE;13874;http://partners.webmasterplan.com/click.aspx?site=13874&ref=[ref]&type=text&tnb=44&diurl=[deeplink];et_cid=55&et_lid=19885&ag_cid=55&ag_lid=19885;
DE;13229;http://partners.webmasterplan.com/click.aspx?site=13229&ref=[ref]&type=text&tnb=16&diurl=[deeplink];;
AT;13062;http://partners.webmasterplan.com/click.aspx?site=13062&ref=[ref]&type=text&tnb=33&diurl=[deeplink];;http://track.tnm.de/wa/dl?tnmid=35&dlurl=
AT;15483;http://partners.webmasterplan.com/click.aspx?site=15483&ref=[ref]&type=text&tnb=8&diurl=[deeplink];;
AT;16318;http://partners.webmasterplan.com/click.aspx?site=16318&ref=[ref]&type=text&tnb=13&diurl=[deeplink];;
DE;16802;http://partners.webmasterplan.com/click.aspx?site=16802&ref=[ref]&type=text&tnb=2&diurl=[deeplink];;http://track.tnm.de/wa/dl?tnmid=50&dlurl=
DE;16833;http://partners.webmasterplan.com/click.aspx?site=16833&ref=[ref]&type=text&tnb=1&diurl=[deeplink];;
DE;5895;http://partners.webmasterplan.com/click.aspx?site=5895&ref=[ref]&type=text&tnb=111&diurl=[deeplink];;
DE;3720;http://partners.webmasterplan.com/click.aspx?site=3720&ref=[ref]&type=text&tnb=166&diurl=[deeplink];;
DE;8356;http://partners.webmasterplan.com/click.aspx?site=8356&ref=[ref]&type=text&tnb=38&diurl=[deeplink];;
DE;16843;http://partners.webmasterplan.com/click.aspx?site=16843&ref=[ref]&type=text&tnb=1&diurl=[deeplink];utm_source=$ref$&utm_medium=affiliate&utm_campaign=Affilinet&utm_content=textlink;
DE;6514;http://partners.webmasterplan.com/click.aspx?site=6514&ref=[ref]&type=text&tnb=168&diurl=[deeplink];;
DE;15770;http://partners.webmasterplan.com/click.aspx?site=15770&ref=[ref]&type=text&tnb=19&diurl=[deeplink];utm_source=affilinet&utm_campaign=affiliates&utm_medium=affiliates&utm_content=textlink;
DE;3739;http://partners.webmasterplan.com/click.aspx?site=3739&ref=[ref]&type=text&tnb=125&diurl=[deeplink];jdafnw=1&utm_source=affilinet_de&utm_medium=textlink&utm_campaign=ongoing;
DE;7163;http://partners.webmasterplan.com/click.aspx?site=7163&ref=[ref]&type=text&tnb=42&diurl=[deeplink];;
DE;8415;http://partners.webmasterplan.com/click.aspx?site=8415&ref=[ref]&type=text&tnb=23&diurl=[deeplink];campaign=affiliate/de-de/affilinet/Allgemein;
DE;11782;http://partners.webmasterplan.com/click.aspx?site=11782&ref=[ref]&type=text&tnb=24&diurl=[deeplink];;
DE;16442;http://partners.webmasterplan.com/click.aspx?site=16442&ref=[ref]&type=text&tnb=28&diurl=[deeplink];utm_medium=affiliate&utm_source=affilinet;
AT;11735;http://partners.webmasterplan.com/click.aspx?site=11735&ref=[ref]&type=text&tnb=61&diurl=[deeplink];jdafnw=1&utm_source=affilinet_at&utm_medium=textlink&utm_campaign=ongoing;
AT;16432;http://partners.webmasterplan.com/click.aspx?site=16432&ref=[ref]&type=text&tnb=10&diurl=[deeplink];;
DE;9127;http://partners.webmasterplan.com/click.aspx?site=9127&ref=[ref]&type=text&tnb=189&diurl=[deeplink];utm_medium=cpl&utm_source=affilinet&utm_campaign=generator&utm_content=text&campaign=de/de/Affiliate/Affilinet/Text;
DE;12069;http://partners.webmasterplan.com/click.aspx?site=12069&ref=[ref]&type=text&tnb=15&diurl=[deeplink];kmpid=DHSQ35340001&utm_source=affilinet&utm_medium=pdm&utm_campaign=linkgenerator;
DE;16542;http://partners.webmasterplan.com/click.aspx?site=16542&ref=[ref]&type=text&tnb=2&diurl=[deeplink];;http://tracking.metalyzer.com/northsails/de/click.php?kid=2419&dlid=1&conid=37866&fwid=1264286&url=
DE;3016;http://partners.webmasterplan.com/click.aspx?site=3016&ref=[ref]&type=text&tnb=30&diurl=[deeplink];;
DE;6277;http://partners.webmasterplan.com/click.aspx?site=6277&ref=[ref]&type=text&tnb=38&diurl=[deeplink];;
DE;8402;http://partners.webmasterplan.com/click.aspx?site=8402&ref=[ref]&type=text&tnb=108&diurl=[deeplink];;
DE;8652;http://partners.webmasterplan.com/click.aspx?site=8652&ref=[ref]&type=text&tnb=27&diurl=[deeplink];;
DE;11943;http://partners.webmasterplan.com/click.aspx?site=11943&ref=[ref]&type=text&tnb=17&diurl=[deeplink];;
DE;11957;http://partners.webmasterplan.com/click.aspx?site=11957&ref=[ref]&type=text&tnb=24&diurl=[deeplink];;
DE;13665;http://partners.webmasterplan.com/click.aspx?site=13665&ref=[ref]&type=text&tnb=44&diurl=[deeplink];;
DE;14491;http://partners.webmasterplan.com/click.aspx?site=14491&ref=[ref]&type=text&tnb=11&diurl=[deeplink];;
AT;14492;http://partners.webmasterplan.com/click.aspx?site=14492&ref=[ref]&type=text&tnb=7&diurl=[deeplink];;
DE;14728;http://partners.webmasterplan.com/click.aspx?site=14728&ref=[ref]&type=text&tnb=18&diurl=[deeplink];;
DE;14839;http://partners.webmasterplan.com/click.aspx?site=14839&ref=[ref]&type=text&tnb=32&diurl=[deeplink];;
DE;14840;http://partners.webmasterplan.com/click.aspx?site=14840&ref=[ref]&type=text&tnb=18&diurl=[deeplink];;
DE;14980;http://partners.webmasterplan.com/click.aspx?site=14980&ref=[ref]&type=text&tnb=34&diurl=[deeplink];;
DE;15012;http://partners.webmasterplan.com/click.aspx?site=15012&ref=[ref]&type=text&tnb=9&diurl=[deeplink];;
DE;14702;http://partners.webmasterplan.com/click.aspx?site=14702&ref=[ref]&type=text&tnb=54&diurl=[deeplink];utm_medium=affiliate&utm_source=affilinet&utm_campaign=Deeplink-Generator&utm_content=Deeplink-Generator;https://appelrath.media01.eu/set.aspx?trackid=655409A9A8E3D52BA73291D0E21B7D37&dt_subid1=werbemittelkategorien&dt_url=
DE;2557;http://partners.webmasterplan.com/click.aspx?site=2557&ref=[ref]&type=text&tnb=127&diurl=[deeplink];utm_source=affilinet&utm_medium=affiliate;
DE;10765;http://partners.webmasterplan.com/click.aspx?site=10765&ref=[ref]&type=text&tnb=19&diurl=[deeplink];utm_source=AT_affilinet&utm_medium=affiliate;
DE;10892;http://partners.webmasterplan.com/click.aspx?site=10892&ref=[ref]&type=text&tnb=23&diurl=[deeplink];utm_source=CH_affilinet&utm_medium=affiliate;
DE;15062;http://partners.webmasterplan.com/click.aspx?site=15062&ref=[ref]&type=text&tnb=52&diurl=[deeplink];cm_mmc=30000-_-DE_Affilinet_Public-_-deeplinkgenerator;http://r.refinedads.com/r.rfa?v=a1&aid=7632&oid=1354&url=
DE;5897;http://partners.webmasterplan.com/click.aspx?site=5897&ref=[ref]&type=text&tnb=139&diurl=[deeplink];;
DE;9181;http://partners.webmasterplan.com/click.aspx?site=9181&ref=[ref]&type=text&tnb=22&diurl=[deeplink];utm_source=Affiliate-Marketing&utm_medium=affilinet&utm_campaign=standard-deeplink;
DE;12801;http://partners.webmasterplan.com/click.aspx?site=12801&ref=[ref]&type=text&tnb=13&diurl=[deeplink];utm_source=Affiliate-Marketing&utm_medium=affilinet&utm_campaign=standard-deeplink;
DE;16391;http://partners.webmasterplan.com/click.aspx?site=16391&ref=[ref]&type=text&tnb=2&diurl=[deeplink];;
DE;9769;http://partners.webmasterplan.com/click.aspx?site=9769&ref=[ref]&type=text&tnb=43&diurl=[deeplink];utm_source=affilinetDE&utm_medium=20170623/KW25&utm_campaign=k0000439/Standard&utm_content=affiliate ;
AT;12844;http://partners.webmasterplan.com/click.aspx?site=12844&ref=[ref]&type=text&tnb=32&diurl=[deeplink];utm_source=affilinetAT&utm_medium=20160701/KW25&utm_campaign=k9999999/Standardused&utm_content=affiliate;
FR;7799;http://clic.reussissonsensemble.fr/click.aspx?site=7799&ref=[ref]&type=text&tnb=122&diurl=[deeplink];utm_source=Affilinet&utm_medium=Affiliation&utm_campaign=$ref$;
FR;4525;http://clic.reussissonsensemble.fr/click.aspx?site=4525&ref=[ref]&type=text&tnb=154&diurl=[deeplink];utm_source=affilinet&utm_medium=affiliate&utm_campaign=sales&utm_content=sales;
FR;13754;http://clic.reussissonsensemble.fr/click.aspx?site=13754&ref=[ref]&type=text&tnb=144&diurl=[deeplink];utm_source=AFFILIATION&utm_medium=DEEPLINKS&utm_term=DEEPLINK&utm_campaign=Blog;http://ea.francoisesaget.com/dynclick/francoisesaget/?eaf-publisher=Affilinet&eaf-name=DisplayBlog&affilinetuid=$ref$_$subid$_$affmt$_$affmn$&eaf-creative=banniere&eaf-creativetype=1x1&eseg-name=idaffilie&eseg-item=$ref$&eurl=
DE;8040;http://partners.webmasterplan.com/click.aspx?site=8040&ref=[ref]&type=text&tnb=199&diurl=[deeplink];refID=affilinet/linkgen_$ref$&emsrc=aff;
DE;13142;http://partners.webmasterplan.com/click.aspx?site=13142&ref=[ref]&type=text&tnb=41&diurl=[deeplink];;
DE;6843;http://partners.webmasterplan.com/click.aspx?site=6843&ref=[ref]&type=text&tnb=132&diurl=[deeplink];;http://tracking.metalyzer.com/deichmann/de/click.php?kid=1237&dlid=1&conid=11837&fwid=1043316&url=
DE;6123;http://partners.webmasterplan.com/click.aspx?site=6123&ref=[ref]&type=text&tnb=238&diurl=[deeplink];pid=AfG09-001-000-000000-00000-Büroartikel&utm_campaign=textlinks&utm_content=allgemein&utm_medium=affiliate%20B2B&utm_source=affilinet&channel=affiliate;
FR;14485;http://clic.reussissonsensemble.fr/click.aspx?site=14485&ref=[ref]&type=text&tnb=250&diurl=[deeplink];Origin=affilinet$ref$;https://eultech.fnac.com/dynclick/fnac/?eseg-name=affilieID&eseg-item=$ref$&eaf-publisher=AFFILINET&eaf-name=Generateur_liens&eaf-creative=$affmt$&eaf-creativetype=$affmn$&eurl=
DE;12417;http://partners.webmasterplan.com/click.aspx?site=12417&ref=[ref]&type=text&tnb=151&diurl=[deeplink];;
DE;12734;http://partners.webmasterplan.com/click.aspx?site=12734&ref=[ref]&type=text&tnb=156&diurl=[deeplink];;
ES;14010;http://web.epartner.es/click.aspx?site=14010&ref=[ref]&type=text&tnb=61&diurl=[deeplink];aff_id=2118094;"https://ad.doubleclick.net/ddm/clk/302111021;129203261;y?"
DE;12507;http://partners.webmasterplan.com/click.aspx?site=12507&ref=[ref]&type=text&tnb=14&diurl=[deeplink];;
UK;16037;http://being.successfultogether.co.uk/click.aspx?site=16037&ref=[ref]&type=text&tnb=27&diurl=[deeplink];;
DE;12178;http://partners.webmasterplan.com/click.aspx?site=12178&ref=[ref]&type=text&tnb=254&diurl=[deeplink];"pmk=IAFFAFF130617;$ref$&campaign=affiliate/affilinet/$ref$/start/default";
FR;14879;http://clic.reussissonsensemble.fr/click.aspx?site=14879&ref=[ref]&type=text&tnb=83&diurl=[deeplink];_mak_partner_id=88&_mak_partner_data=$ref$|$subid$|$affmt$|$affmn$&utm_source=affilinet&utm_medium=lien-texte-accueil&utm_content=1x1&utm_campaign=lien-texte-accueil;
DE;9307;http://partners.webmasterplan.com/click.aspx?site=9307&ref=[ref]&type=text&tnb=60&diurl=[deeplink];et_cid=131&et_lid=1134946&et_sub=GP_Textlink&wkzID=1010&etcc_med=Affiliate&etcc_cmp=Affiliate%5FAffilinet%5Fpermanent&etcc_par=Affilinet&etcc_ctv=Textlink&etcc_var=Homepage&etcc_tar=Sale&etpo_akt=permanent;
CH;14220;http://partners.webmasterplan.com/click.aspx?site=14220&ref=[ref]&type=text&tnb=47&diurl=[deeplink];;
DE;10254;http://partners.webmasterplan.com/click.aspx?site=10254&ref=[ref]&type=text&tnb=49&diurl=[deeplink];utm_source=Affilinet&utm_medium=Affiliate&utm_term=Startseite&utm_content=Affilinet_Banner&utm_campaign=Affilinet_Startseite&agent=affilinet;
DE;12802;http://partners.webmasterplan.com/click.aspx?site=12802&ref=[ref]&type=text&tnb=63&diurl=[deeplink];;
FR;4569;http://clic.reussissonsensemble.fr/click.aspx?site=4569&ref=[ref]&type=text&tnb=122&diurl=[deeplink];;
DE;15596;http://partners.webmasterplan.com/click.aspx?site=15596&ref=[ref]&type=text&tnb=49&diurl=[deeplink];utm_source=affilinet&utm_campaign=deeplinkgenerator&utm_medium=affiliate&utm_content=txt;
DE;10491;http://partners.webmasterplan.com/click.aspx?site=10491&ref=[ref]&type=text&tnb=55&diurl=[deeplink];source=Affili.net&medium=affiliate;
FR;14673;http://clic.reussissonsensemble.fr/click.aspx?site=14673&ref=[ref]&type=text&tnb=34&diurl=[deeplink];utm_source=Affilinet_$ref$&utm_medium=affiliation&utm_campaign=generique;
FR;15167;http://clic.reussissonsensemble.fr/click.aspx?site=15167&ref=[ref]&type=text&tnb=20&diurl=[deeplink];;
DE;2564;http://partners.webmasterplan.com/click.aspx?site=2564&ref=[ref]&type=text&tnb=172&diurl=[deeplink];system=100&utm_source=affili&utm_medium=affilinet&utm_campaign=content&wt_mc=affili.affilinet.bloggerkooperation.content.link;
DE;13861;http://partners.webmasterplan.com/click.aspx?site=13861&ref=[ref]&type=text&tnb=42&diurl=[deeplink];;
DE;3956;http://partners.webmasterplan.com/click.aspx?site=3956&ref=[ref]&type=text&tnb=69&diurl=[deeplink];campaign=affiliate/Affilinet;
DE;15040;http://partners.webmasterplan.com/click.aspx?site=15040&ref=[ref]&type=text&tnb=57&diurl=[deeplink];;
CH;11632;http://partners.webmasterplan.com/click.aspx?site=11632&ref=[ref]&type=text&tnb=28&diurl=[deeplink];;
UK;14369;http://being.successfultogether.co.uk/click.aspx?site=16369&ref=[ref]&type=text&tnb=23&diurl=[deeplink];;
DE;3798;http://partners.webmasterplan.com/click.aspx?site=3798&ref=[ref]&type=text&tnb=439&diurl=[deeplink];;http://tracking.mlsat02.de/buttinette/forwarding.php?kid=2389&dlid=1&conid=35988&fwid=1220622&url=
FR;9740;http://clic.reussissonsensemble.fr/click.aspx?site=9740&ref=[ref]&type=text&tnb=64&diurl=[deeplink];;
DE;7417;http://partners.webmasterplan.com/click.aspx?site=7417&ref=[ref]&type=text&tnb=248&diurl=[deeplink];;
DE;14624;http://partners.webmasterplan.com/click.aspx?site=14624&ref=[ref]&type=text&tnb=26&diurl=[deeplink];;
FR;12511;http://clic.reussissonsensemble.fr/click.aspx?site=12511&ref=[ref]&type=text&tnb=12&diurl=[deeplink];;
DE;2287;http://partners.webmasterplan.com/click.aspx?site=2284&ref=[ref]&type=text&tnb=11&diurl=[deeplink];;
DE;6767;http://partners.webmasterplan.com/click.aspx?site=6767&ref=[ref]&type=text&tnb=11&diurl=[deeplink];utm_channel=affiliate&utm_source=affilinet&utm_medium=textlink&utm_content=text;
FR;9121;http://clic.reussissonsensemble.fr/click.aspx?site=9121&ref=[ref]&type=text&tnb=37&diurl=[deeplink];;
DE;6421;http://partners.webmasterplan.com/click.aspx?site=6421&ref=[ref]&type=text&tnb=51&diurl=[deeplink];utm_source=affiliate&utm_medium=de_affilinet&utm_campaign=linkgenerator;
DE;14979;http://partners.webmasterplan.com/click.aspx?site=14979&ref=[ref]&type=text&tnb=26&diurl=[deeplink];;
DE;8705;http://partners.webmasterplan.com/click.aspx?site=8705&ref=[ref]&type=text&tnb=125&diurl=[deeplink];;
DE;4108;http://partners.webmasterplan.com/click.aspx?site=4108&ref=[ref]&type=text&tnb=39&diurl=[deeplink];;
DE;13376;http://partners.webmasterplan.com/click.aspx?site=13376&ref=[ref]&type=text&tnb=36&diurl=[deeplink];sourceCode=affide;
DE;2353;http://partners.webmasterplan.com/click.aspx?site=2353&ref=[ref]&type=text&tnb=81&diurl=[deeplink];;http://m.exactag.com/cl.aspx?tc=0dafd7617f00721dba6f3095a7a6a53f&url=
DE;14407;http://partners.webmasterplan.com/click.aspx?site=14407&ref=[ref]&type=text&tnb=41&diurl=[deeplink];;
DE;3620;http://partners.webmasterplan.com/click.aspx?site=3620&ref=[ref]&type=text&tnb=61&diurl=[deeplink];tracker=affilinet&et_cid=2&et_lid=75&et_sub=Home;
DE;3955;http://partners.webmasterplan.com/click.aspx?site=3955&ref=[ref]&type=text&tnb=46&diurl=[deeplink];;
DE;13852;http://partners.webmasterplan.com/click.aspx?site=13852&ref=[ref]&type=text&tnb=9&diurl=[deeplink];sPartner=11459;
DE;7703;http://partners.webmasterplan.com/click.aspx?site=7703&ref=[ref]&type=text&tnb=29&diurl=[deeplink];;
AT;14279;http://partners.webmasterplan.com/click.aspx?site=14279&ref=[ref]&type=text&tnb=21&diurl=[deeplink];;
FR;6387;http://clic.reussissonsensemble.fr/click.aspx?site=6387&ref=[ref]&type=text&tnb=78&diurl=[deeplink];utm_source=affilinet&utm_medium=cpa&utm_campaign=grosbill-moteurliens#siteaffilinet;http://eulerian.grosbill.com/dynclick/grosbill/?eaf-publisher=affilinet&eaf-name=grosbill-logo&eaf-creative=120x60&eaf-creativetype=$ref$&eurl=
FR;12821;http://clic.reussissonsensemble.fr/click.aspx?site=12821&ref=[ref]&type=text&tnb=33&diurl=[deeplink];utm_source=affilinet&utm_medium=cpo&utm_campaign=logo&utm_content=homepage;
DE;13057;http://partners.webmasterplan.com/click.aspx?site=13057&ref=[ref]&type=text&tnb=57&diurl=[deeplink];extcid=Affiliate-_-Affilinet-_-Deeplinkgenerator;
DE;11698;http://partners.webmasterplan.com/click.aspx?site=11698&ref=[ref]&type=text&tnb=80&diurl=[deeplink];wt_mc=amc136127941411427;http://track.adform.net/C/?bn=4990023&cpdir=
DE;15286;http://partners.webmasterplan.com/click.aspx?site=15286&ref=[ref]&type=text&tnb=16&diurl=[deeplink];;
DE;12895;http://partners.webmasterplan.com/click.aspx?site=12895&ref=[ref]&type=text&tnb=48&diurl=[deeplink];subid=affilinet;
DE;7717;http://partners.webmasterplan.com/click.aspx?site=7717&ref=[ref]&type=text&tnb=64&diurl=[deeplink];;
DE;15132;http://partners.webmasterplan.com/click.aspx?site=15132&ref=[ref]&type=text&tnb=22&diurl=[deeplink];cid=affi:ge:e:de-de:::affilinet::te:;
DE;15045;http://partners.webmasterplan.com/click.aspx?site=15045&ref=[ref]&type=text&tnb=14&diurl=[deeplink];;
DE;6520;http://partners.webmasterplan.com/click.aspx?site=6520&ref=[ref]&type=text&tnb=843&diurl=[deeplink];sxx_partner=affilinet_de_neu;
CH;13993;http://partners.webmasterplan.com/click.aspx?site=13993&ref=[ref]&type=text&tnb=10&diurl=[deeplink];utm_source=affilinet&utm_medium=banner&utm_content=banner&utm_campaign=affilinet;
DE;15434;http://partners.webmasterplan.com/click.aspx?site=15434&ref=[ref]&type=text&tnb=34&diurl=[deeplink];;
DE;10319;http://partners.webmasterplan.com/click.aspx?site=10319&ref=[ref]&type=text&tnb=184&diurl=[deeplink];;
DE;9000;http://partners.webmasterplan.com/click.aspx?site=9000&ref=[ref]&type=text&tnb=11&diurl=[deeplink];utm_source=affiliate-affilinet&utm_medium=affilinet&_$ja=tsid:61643;
DE;7216;http://partners.webmasterplan.com/click.aspx?site=7216&ref=[ref]&type=text&tnb=14&diurl=[deeplink];;
DE;5582;http://partners.webmasterplan.com/click.aspx?site=5582&ref=[ref]&type=text&tnb=29&diurl=[deeplink];partner=afn;
FR;12927;http://clic.reussissonsensemble.fr/click.aspx?site=12927&ref=[ref]&type=text&tnb=15&diurl=[deeplink];utm_source=affiliation;
DE;14399;http://partners.webmasterplan.com/click.aspx?site=14399&ref=[ref]&type=text&tnb=15&diurl=[deeplink];;
DE;15642;http://partners.webmasterplan.com/click.aspx?site=15642&ref=[ref]&type=text&tnb=18&diurl=[deeplink];;
DE;16028;http://partners.webmasterplan.com/click.aspx?site=16028&ref=[ref]&type=text&tnb=17&diurl=[deeplink];;
DE;12812;http://partners.webmasterplan.com/click.aspx?site=12812&ref=[ref]&type=text&tnb=20&diurl=[deeplink];;
DE;9259;http://partners.webmasterplan.com/click.aspx?site=9259&ref=[ref]&type=text&tnb=59&diurl=[deeplink];;
DE;5156;http://partners.webmasterplan.com/click.aspx?site=5156&ref=[ref]&type=text&tnb=71&diurl=[deeplink];utm_source=affilinet&utm_medium=affiliate&utm_campaign=PERAFFSTD-de-affilinet-affiliate-standard&an=PERAFFSTD;
DE;10035;http://partners.webmasterplan.com/click.aspx?site=10035&ref=[ref]&type=text&tnb=19&diurl=[deeplink];;
DE;3914;http://partners.webmasterplan.com/click.aspx?site=3914&ref=[ref]&type=text&tnb=53&diurl=[deeplink];AffiliateID=677002;
DE;12545;http://partners.webmasterplan.com/click.aspx?site=12545&ref=[ref]&type=text&tnb=30&diurl=[deeplink];advertiser=aff;"http://track.adform.net/C/?bn=2775947;cpdir="
DE;12547;http://partners.webmasterplan.com/click.aspx?site=12547&ref=[ref]&type=text&tnb=79&diurl=[deeplink];utm_source=affilinet.de&utm_medium=affiliate&utm_content=link&utm_campaign=deeplink;
CH;12859;http://partners.webmasterplan.com/click.aspx?site=12859&ref=[ref]&type=text&tnb=28&diurl=[deeplink];;
DE;11140;http://partners.webmasterplan.com/click.aspx?site=11140&ref=[ref]&type=text&tnb=232&diurl=[deeplink];etcc_cmp=DE+Affiliate&etcc_med=Affiliate&col=Brand;
NL;11994;http://zijn.samenresultaat.nl/click.aspx?site=11994&ref=[ref]&type=text&tnb=18&diurl=[deeplink];utm_source=$ref$&utm_medium=tekstlink&utm_campaign=affilinet;
DE;13862;http://partners.webmasterplan.com/click.aspx?site=13862&ref=[ref]&type=text&tnb=14&diurl=[deeplink];ReferrerID=21;
DE;12926;http://partners.webmasterplan.com/click.aspx?site=12926&ref=[ref]&type=text&tnb=37&diurl=[deeplink];;
DE;15726;http://partners.webmasterplan.com/click.aspx?site=15726&ref=[ref]&type=text&tnb=8&diurl=[deeplink];;
DE;10042;http://partners.webmasterplan.com/click.aspx?site=10042&ref=[ref]&type=text&tnb=18&diurl=[deeplink];;
DE;14355;http://partners.webmasterplan.com/click.aspx?site=14355&ref=[ref]&type=text&tnb=20&diurl=[deeplink];utm_source=affiliate&utm_campaign=relaunch-2016&utm_medium=affiliate;
DE;16208;http://partners.webmasterplan.com/click.aspx?site=16208&ref=[ref]&type=text&tnb=44&diurl=[deeplink];;
DE;14282;http://partners.webmasterplan.com/click.aspx?site=14282&ref=[ref]&type=text&tnb=21&diurl=[deeplink];;
DE;7713;http://partners.webmasterplan.com/click.aspx?site=7713&ref=[ref]&type=text&tnb=14&diurl=[deeplink];;
DE;10681;http://partners.webmasterplan.com/click.aspx?site=10681&ref=[ref]&type=text&tnb=53&diurl=[deeplink];;
DE;13387;http://partners.webmasterplan.com/click.aspx?site=13387&ref=[ref]&type=text&tnb=16&diurl=[deeplink];;
DE;12361;http://partners.webmasterplan.com/click.aspx?site=12361&ref=[ref]&type=text&tnb=28&diurl=[deeplink];;
DE;7774;http://partners.webmasterplan.com/click.aspx?site=7774&ref=[ref]&type=text&tnb=14&diurl=[deeplink];utm_source=affiliate&utm_medium=affilinet_de&utm_campaign=textlink_generic_default&utm_content=$ref$_20151116;
DE;12125;http://partners.webmasterplan.com/click.aspx?site=12125&ref=[ref]&type=text&tnb=59&diurl=[deeplink];;
DE;12972;http://partners.webmasterplan.com/click.aspx?site=12972&ref=[ref]&type=text&tnb=58&diurl=[deeplink];;
DE;8792;http://partners.webmasterplan.com/click.aspx?site=8792&ref=[ref]&type=text&tnb=261&diurl=[deeplink];;
DE;14427;http://partners.webmasterplan.com/click.aspx?site=14427&ref=[ref]&type=text&tnb=33&diurl=[deeplink];utm_source=affilinet&utm_medium=afm&utm_content=logo&utm_campaign=startseite;
EN;11646;http://being.successfultogether.co.uk/click.aspx?site=11646&ref=[ref]&type=text&tnb=6&diurl=[deeplink];;
DE;3908;http://partners.webmasterplan.com/click.aspx?site=3908&ref=[ref]&type=text&tnb=437&diurl=[deeplink];;
DE;6927;http://partners.webmasterplan.com/click.aspx?site=6927&ref=[ref]&type=text&tnb=12&diurl=[deeplink];;
DE;12004;http://partners.webmasterplan.com/click.aspx?site=12004&ref=[ref]&type=text&tnb=34&diurl=[deeplink];cmpid=AFF000701005104&ia-pkpmtrack=100-8393735313236323131303-185-101-101;
FR;4392;http://clic.reussissonsensemble.fr/click.aspx?site=4392&ref=[ref]&type=text&tnb=112&diurl=[deeplink];comfrom=50150&cos=Q0lORTJQT1VSMQ==bb;
DE;1778;http://partners.webmasterplan.com/click.aspx?site=1778&ref=[ref]&type=text&tnb=284&diurl=[deeplink];partner=affilinet&referer=affili_text&mit=FXAAM6FM&utm_medium=Affiliate&utm_source=_Affilinet&utm_campaign=_Affilinet&utm_term=Default;
EN;8585;http://being.successfultogether.co.uk/click.aspx?site=8585&ref=[ref]&type=text&tnb=36&diurl=[deeplink];;
DE;4661;http://partners.webmasterplan.com/click.aspx?site=4661&ref=[ref]&type=text&tnb=53&diurl=[deeplink];campaign=Affilinet;
CH;12696;http://partners.webmasterplan.com/click.aspx?site=12696&ref=[ref]&type=text&tnb=30&diurl=[deeplink];;
DE;6461;http://partners.webmasterplan.com/click.aspx?site=6461&ref=[ref]&type=text&tnb=43&diurl=[deeplink];utm_source=affili.net&utm_medium=cpc;
DE;15618;http://partners.webmasterplan.com/click.aspx?site=15618&ref=[ref]&type=text&tnb=7&diurl=[deeplink];;
DE;7558;http://partners.webmasterplan.com/click.aspx?site=7558&ref=[ref]&type=text&tnb=95&diurl=[deeplink];;
DE;10104;http://partners.webmasterplan.com/click.aspx?site=10104&ref=[ref]&type=text&tnb=62&diurl=[deeplink];;http://ad.dyntracker.de/set.aspx?trackid=2580F03EBE408FA8888202B1D1D2165C&dt_subid1=&dt_subid2=&dt_keywords=&dt_freetext=&dt_url=
DE;3131;http://partners.webmasterplan.com/click.aspx?site=3131&ref=[ref]&type=text&tnb=109&diurl=[deeplink];et_cid=2&et_lid=2&aid=AF1001&et_sub=AF1001;
DE;6638;http://partners.webmasterplan.com/click.aspx?site=6638&ref=[ref]&type=text&tnb=47&diurl=[deeplink];utm_source=affiliate&utm_medium=productfeed&utm_campaign=affilinet_de;http://affiliate.ibood.com/4/
AT;13270;http://partners.webmasterplan.com/click.aspx?site=13270&ref=[ref]&type=text&tnb=28&diurl=[deeplink];;
DE;1632;http://partners.webmasterplan.com/click.aspx?site=1632&ref=[ref]&type=text&tnb=35&diurl=[deeplink];;
FR;15307;http://clic.reussissonsensemble.fr/click.aspx?site=15307&ref=[ref]&type=text&tnb=35&diurl=[deeplink];utm_medium=lien_texte;
CH;12974;http://partners.webmasterplan.com/click.aspx?site=12974&ref=[ref]&type=text&tnb=56&diurl=[deeplink];;
DE;7723;http://partners.webmasterplan.com/click.aspx?site=7723&ref=[ref]&type=text&tnb=28&diurl=[deeplink];;
EN;16114;http://being.successfultogether.co.uk/click.aspx?site=16114&ref=[ref]&type=text&tnb=17&diurl=[deeplink];;
DE;7538;http://partners.webmasterplan.com/click.aspx?site=7538&ref=[ref]&type=text&tnb=25&diurl=[deeplink];;
DE;7563;http://partners.webmasterplan.com/click.aspx?site=7563&ref=[ref]&type=text&tnb=106&diurl=[deeplink];;
DE;10359;http://partners.webmasterplan.com/click.aspx?site=10359&ref=[ref]&type=text&tnb=23&diurl=[deeplink];campaign=Affiliate/Affili.net;
De;10679;http://partners.webmasterplan.com/click.aspx?site=10679&ref=[ref]&type=text&tnb=68&diurl=[deeplink];;
CH;15245;http://partners.webmasterplan.com/click.aspx?site=15245&ref=[ref]&type=text&tnb=7&diurl=[deeplink];;
DE;10823;http://partners.webmasterplan.com/click.aspx?site=10823&ref=[ref]&type=text&tnb=317&diurl=[deeplink];;
FR;9826;http://clic.reussissonsensemble.fr/click.aspx?site=9826&ref=[ref]&type=text&tnb=8&diurl=[deeplink];part=affilinet&utm_source=affilinet&utm_medium=affiliation&utm_campaign=deeplink;http://eulerian.madeindesign.com/dynclick/madeindesign-fr/?eaf-publisher=affilinet&eaf-name=Lien%20profond&eaf-creative=lienprofond&eaf-creativetype=1x1&eseg-name=id_affilie&eseg-item=$ref$&eurl=
DE;13785;http://partners.webmasterplan.com/click.aspx?site=13785&ref=[ref]&type=text&tnb=64&diurl=[deeplink];;
DE;8519;http://partners.webmasterplan.com/click.aspx?site=8519&ref=[ref]&type=text&tnb=13&diurl=[deeplink];;
DE;10039;http://partners.webmasterplan.com/click.aspx?site=10039&ref=[ref]&type=text&tnb=28&diurl=[deeplink];;
AT;11960;http://partners.webmasterplan.com/click.aspx?site=11960&ref=[ref]&type=text&tnb=167&diurl=[deeplink];;
DE;12250;http://partners.webmasterplan.com/click.aspx?site=12250&ref=[ref]&type=text&tnb=68&diurl=[deeplink];;
CH;14105;http://partners.webmasterplan.com/click.aspx?site=14105&ref=[ref]&type=text&tnb=29&diurl=[deeplink];;
NL;10779;http://zijn.samenresultaat.nl/click.aspx?site=10779&ref=[ref]&type=text&tnb=51&diurl=[deeplink];;
DE;7042;http://partners.webmasterplan.com/click.aspx?site=7042&ref=[ref]&type=text&tnb=98&diurl=[deeplink];utm_source=de.affilinet&utm_medium=banner&utm_campaign=banner;
DE;14940;http://partners.webmasterplan.com/click.aspx?site=14940&ref=[ref]&type=text&tnb=81&diurl=[deeplink];utm_source=affiliate&utm_medium=Affiliates&utm_campaign=affilinet&utm_term=$ref$&utm_content=$affmt$&$affmn$;
DE;8975;http://partners.webmasterplan.com/click.aspx?site=8975&ref=[ref]&type=text&tnb=55&diurl=[deeplink];utm_medium=affiliate&utm_content=linkgenerator;
EN;15119;http://being.successfultogether.co.uk/click.aspx?site=15119&ref=[ref]&type=text&tnb=10&diurl=[deeplink];;
DE;10010;http://partners.webmasterplan.com/click.aspx?site=10010&ref=[ref]&type=text&tnb=60&diurl=[deeplink];utm_source=affilinet&utm_medium=affiliate&utm_campaign=affilinet;http://m.exactag.com/cl.aspx?tc=5416b9fc64ba927be64cdf2cda28be78&url=
DE;12559;http://partners.webmasterplan.com/click.aspx?site=12559&ref=[ref]&type=text&tnb=39&diurl=[deeplink];;
CH;14280;http://partners.webmasterplan.com/click.aspx?site=14280&ref=[ref]&type=text&tnb=29&diurl=[deeplink];AffiliateID=affilinet&ActionID=public&WKZ=67&IWL=25&NUMSArt=91203010168290&NUMSArtPc=91203010168291&Name=JCH_affilinet_standard&utm_medium=affiliate&utm_source=affilinet&utm_campaign=public&utm_content=JCH_affilinet_standard;
DE;15866;http://partners.webmasterplan.com/click.aspx?site=15866&ref=[ref]&type=text&tnb=12&diurl=[deeplink];utm_source=affilinet&utm_medium=affiliate&utm_campaign=cpo;
DE;10036;http://partners.webmasterplan.com/click.aspx?site=10036&ref=[ref]&type=text&tnb=10&diurl=[deeplink];;
FR;12580;http://clic.reussissonsensemble.fr/click.aspx?site=12580&ref=[ref]&type=text&tnb=55&diurl=[deeplink];utm_source=affilinet.fr&utm_medium=affiliate&utm_content=link&utm_campaign=deeplink;
DE;3046;http://partners.webmasterplan.com/click.aspx?site=3046&ref=[ref]&type=text&tnb=66&diurl=[deeplink];pp=3370&netzwerk=afde&utm_source=affilinet_de&utm_medium=affiliate;
DE;3684;http://partners.webmasterplan.com/click.aspx?site=3684&ref=[ref]&type=text&tnb=86&diurl=[deeplink];;http://t.naytrack.de/gw/r?nayk=239&naynw=3&deeplink=
DE;14327;http://partners.webmasterplan.com/click.aspx?site=14327&ref=[ref]&type=text&tnb=25&diurl=[deeplink];;
FR;13961;http://clic.reussissonsensemble.fr/click.aspx?site=13961&ref=[ref]&type=text&tnb=19&diurl=[deeplink];;
DE;15217;http://partners.webmasterplan.com/click.aspx?site=15217&ref=[ref]&type=text&tnb=15&diurl=[deeplink];;
EN;15085;http://being.successfultogether.co.uk/click.aspx?site=15085&ref=[ref]&type=text&tnb=7&diurl=[deeplink];afl=alf1;
FR;8630;http://clic.reussissonsensemble.fr/click.aspx?site=8630&ref=[ref]&type=text&tnb=31&diurl=[deeplink];utm_source=AFF&utm_medium=PER_DAF_LPD&utm_content=LINK&utm_campaign=13_PERM;
DE;13718;http://partners.webmasterplan.com/click.aspx?site=13718&ref=[ref]&type=text&tnb=15&diurl=[deeplink];;
DE;3495;http://partners.webmasterplan.com/click.aspx?site=3495&ref=[ref]&type=text&tnb=170&diurl=[deeplink];ref=$ref$&affmt=$affmt$&affmn=$affmn$;http://tracking.metalyzer.com/ullapopken/de/click.php?kid=2302&dlid=1&conid=33790&fwid=1170366&url=
DE;7144;http://partners.webmasterplan.com/click.aspx?site=7144&ref=[ref]&type=text&tnb=114&diurl=[deeplink];;
NL;15397;http://zijn.samenresultaat.nl/click.aspx?site=15397&ref=[ref]&type=text&tnb=31&diurl=[deeplink];;
DE;14435;http://partners.webmasterplan.com/click.aspx?site=14435&ref=[ref]&type=text&tnb=14&diurl=[deeplink];;
DE;10340;http://partners.webmasterplan.com/click.aspx?site=10340&ref=[ref]&type=text&tnb=23&diurl=[deeplink];;
AT;15200;http://partners.webmasterplan.com/click.aspx?site=15200&ref=[ref]&type=text&tnb=35&diurl=[deeplink];;
DE;13363;http://partners.webmasterplan.com/click.aspx?site=13363&ref=[ref]&type=text&tnb=15&diurl=[deeplink];;
DE;9190;http://partners.webmasterplan.com/click.aspx?site=9190&ref=[ref]&type=text&tnb=21&diurl=[deeplink];utm_source=affilinet&utm_campaign=Affiliate;
DE;3555;http://partners.webmasterplan.com/click.aspx?site=3555&ref=[ref]&type=text&tnb=126&diurl=[deeplink];afid=243&utm_source=V0243&utm_medium=content&utm_campaign=R02010&wc=R02010&sPartner=V0243;
DE;9646;http://partners.webmasterplan.com/click.aspx?site=9646&ref=[ref]&type=text&tnb=44&diurl=[deeplink];mdprefid=marketing_de_af10010&utm_source=afn&utm_medium=aff&utm_campaign=standard&utm_term=de_afn_txt_0;
CH;16400;http://partners.webmasterplan.com/click.aspx?site=16400&ref=[ref]&type=text&tnb=20&diurl=[deeplink];rbtc=aff%7ccon%7clink%7c%7cp%7c%7c;
DE;10959;http://partners.webmasterplan.com/click.aspx?site=10959&ref=[ref]&type=text&tnb=17&diurl=[deeplink];;
FR;8583;http://clic.reussissonsensemble.fr/click.aspx?site=8583&ref=[ref]&type=text&tnb=59&diurl=[deeplink];;http://tracking.mlsat02.de/buttinette/forwarding.php?kid=2390&dlid=1&conid=35993&fwid=1220689&url=
FR;12524;http://clic.reussissonsensemble.fr/click.aspx?site=12524&ref=[ref]&type=text&tnb=44&diurl=[deeplink];;
DE;13088;http://partners.webmasterplan.com/click.aspx?site=13088&ref=[ref]&type=text&tnb=12&diurl=[deeplink];;
DE;7964;http://partners.webmasterplan.com/click.aspx?site=7964&ref=[ref]&type=text&tnb=31&diurl=[deeplink];utm_medium=affiliate&utm_content=linkgenerator;
CH;13552;http://partners.webmasterplan.com/click.aspx?site=13552&ref=[ref]&type=text&tnb=38&diurl=[deeplink];ProvID=10910922;
CH;14052;http://partners.webmasterplan.com/click.aspx?site=14052&ref=[ref]&type=text&tnb=32&diurl=[deeplink];wkzID=6100&akzID=610001;
DE;9520;http://partners.webmasterplan.com/click.aspx?site=9520&ref=[ref]&type=text&tnb=80&diurl=[deeplink];vcp=d371618ae93f99&refPa=1&refID=Vamos_DE/Affilinet/NV/Default&emsrc=Affiliate;
NL;15886;http://zijn.samenresultaat.nl/click.aspx?site=15886&ref=[ref]&type=text&tnb=43&diurl=[deeplink];;
DE;6708;http://partners.webmasterplan.com/click.aspx?site=6708&ref=[ref]&type=text&tnb=48&diurl=[deeplink];utm_source=affilinet;
DE;14928;http://partners.webmasterplan.com/click.aspx?site=14928&ref=[ref]&type=text&tnb=98&diurl=[deeplink];;
CH;12498;http://partners.webmasterplan.com/click.aspx?site=12498&ref=[ref]&type=text&tnb=13&diurl=[deeplink];refID=32453423;
DE;6873;http://partners.webmasterplan.com/click.aspx?site=6873&ref=[ref]&type=text&tnb=48&diurl=[deeplink];CID=DE_AFF_15_3_1_168&utm_source=AFF_15&utm_medium=AFF_3&utm_campaign=AFF_1&utm_content=AFF_168;
DE;12050;http://partners.webmasterplan.com/click.aspx?site=12050&ref=[ref]&type=text&tnb=41&diurl=[deeplink];pid=1000;
DE;10236;http://partners.webmasterplan.com/click.aspx?site=10236&ref=[ref]&type=text&tnb=35&diurl=[deeplink];MerchantID=affilinet;http://m.exactag.com/cl.aspx?tc=ca863b5d2020ee51571ee3f4ec46f3e0&url=
De;3903;http://partners.webmasterplan.com/click.aspx?site=3903&ref=[ref]&type=text&tnb=29&diurl=[deeplink];;
DE;3554;http://partners.webmasterplan.com/click.aspx?site=3554&ref=[ref]&type=text&tnb=18&diurl=[deeplink];;
DE;15473;http://partners.webmasterplan.com/click.aspx?site=15473&ref=[ref]&type=text&tnb=19&diurl=[deeplink];;
DE;6953;http://partners.webmasterplan.com/click.aspx?site=6953&ref=[ref]&type=text&tnb=45&diurl=[deeplink];campid=aff-aff-00;https://m.exactag.com/cl.aspx?tc=83542913c99cd6f5a17fea1634d3bb03&url=
DE;2913;http://partners.webmasterplan.com/click.aspx?site=2913&ref=[ref]&type=text&tnb=64&diurl=[deeplink];utm_source=affilinet_de&utm_medium=affiliazione&utm_campaign=yoox_de&utm_content=deeplink_de;
DE;14911;http://partners.webmasterplan.com/click.aspx?site=14911&ref=[ref]&type=text&tnb=17&diurl=[deeplink];;
DE;12444;http://partners.webmasterplan.com/click.aspx?site=12444&ref=[ref]&type=text&tnb=15&diurl=[deeplink];;
DE;13237;http://partners.webmasterplan.com/click.aspx?site=13237&ref=[ref]&type=text&tnb=208&diurl=[deeplink];;
DE;1717;http://partners.webmasterplan.com/click.aspx?site=1717&ref=[ref]&type=text&tnb=36&diurl=[deeplink];ia-pkpmtrack=100-6363735313236323131303-101-101-101;
DE;11089;http://partners.webmasterplan.com/click.aspx?site=11089&ref=[ref]&type=text&tnb=24&diurl=[deeplink];;
DE;15151;http://partners.webmasterplan.com/click.aspx?site=15151&ref=[ref]&type=text&tnb=110&diurl=[deeplink];utm_source=affiliate&utm_medium=cpc&utm_campaign=affilinet;
DE;4132;http://partners.webmasterplan.com/click.aspx?site=4132&ref=[ref]&type=text&tnb=37&diurl=[deeplink];;
AT;13586;http://partners.webmasterplan.com/click.aspx?site=13586&ref=[ref]&type=text&tnb=43&diurl=[deeplink];;
DE;243;http://partners.webmasterplan.com/click.aspx?site=243&ref=[ref]&type=text&tnb=44&diurl=[deeplink];;
DE;6288;http://partners.webmasterplan.com/click.aspx?site=6288&ref=[ref]&type=text&tnb=66&diurl=[deeplink];wkz=58&iwl=90&aktion=631&pnl=6000&campaign=affiliate/peakpoint/affilinet;
DE;15545;http://partners.webmasterplan.com/click.aspx?site=15545&ref=[ref]&type=text&tnb=19&diurl=[deeplink];utm_source=affiliate&utm_medium=banner&utm_campaign=sales_boost_16;
DE;10288;http://partners.webmasterplan.com/click.aspx?site=10288&ref=[ref]&type=text&tnb=64&diurl=[deeplink];;
DE;12462;http://partners.webmasterplan.com/click.aspx?site=12462&ref=[ref]&type=text&tnb=12&diurl=[deeplink];;
DE;12627;http://partners.webmasterplan.com/click.aspx?site=12627&ref=[ref]&type=text&tnb=13&diurl=[deeplink];sPartner=Affili.net&utm_source=Direktlink&utm_medium=Direktlink&utm_campaign=Affiliate;
DE;14739;http://partners.webmasterplan.com/click.aspx?site=14739&ref=[ref]&type=text&tnb=117&diurl=[deeplink];;
DE;9231;http://partners.webmasterplan.com/click.aspx?site=9231&ref=[ref]&type=text&tnb=58&diurl=[deeplink];campaign=affiliate/affilinet;
DE;8566;http://partners.webmasterplan.com/click.aspx?site=8566&ref=[ref]&type=text&tnb=17&diurl=[deeplink];;
DE;14188;http://partners.webmasterplan.com/click.aspx?site=14188&ref=[ref]&type=text&tnb=8&diurl=[deeplink];;
DE;10412;http://partners.webmasterplan.com/click.aspx?site=10412&ref=[ref]&type=text&tnb=98&diurl=[deeplink];;
DE;13323;http://partners.webmasterplan.com/click.aspx?site=13323&ref=[ref]&type=text&tnb=11&diurl=[deeplink];;
AT;13279;http://partners.webmasterplan.com/click.aspx?site=13279&ref=[ref]&type=text&tnb=28&diurl=[deeplink];;
DE;9426;http://partners.webmasterplan.com/click.aspx?site=9426&ref=[ref]&type=text&tnb=77&diurl=[deeplink];;
FR;15424;http://clic.reussissonsensemble.fr/click.aspx?site=15424&ref=[ref]&type=text&tnb=40&diurl=[deeplink];;
DE;15634;http://partners.webmasterplan.com/click.aspx?site=15634&ref=[ref]&type=text&tnb=12&diurl=[deeplink];;
DE;3528;http://partners.webmasterplan.com/click.aspx?site=3528&ref=[ref]&type=text&tnb=93&diurl=[deeplink];mv_pc=affilinet&utm_source=affilinet&utm_medium=affiliate&utm_campaign=standard;
DE;15546;http://partners.webmasterplan.com/click.aspx?site=15546&ref=[ref]&type=text&tnb=20&diurl=[deeplink];;
DE;2676;http://partners.webmasterplan.com/click.aspx?site=2676&ref=[ref]&type=text&tnb=107&diurl=[deeplink];utm_content=Aktion;
DE;9236;http://partners.webmasterplan.com/click.aspx?site=9236&ref=[ref]&type=text&tnb=79&diurl=[deeplink];;
DE;9653;http://partners.webmasterplan.com/click.aspx?site=9653&ref=[ref]&type=text&tnb=24&diurl=[deeplink];utm_source=Paid.Affiliate&utm_medium=affilinet&utm_term=text&utm_campaign=HW16&utm_content=txt12;
NL;14751;http://zijn.samenresultaat.nl/click.aspx?site=14751&ref=[ref]&type=text&tnb=32&diurl=[deeplink];;
EN;13451;http://being.successfultogether.co.uk/click.aspx?site=13451&ref=[ref]&type=text&tnb=22&diurl=[deeplink];;
DE;16363;http://partners.webmasterplan.com/click.aspx?site=16363&ref=[ref]&type=text&tnb=15&diurl=[deeplink];utm_source=affilinet&utm_medium=affiliate&utm_campaign=cpo;
FR;13895;http://clic.reussissonsensemble.fr/click.aspx?site=13895&ref=[ref]&type=text&tnb=53&diurl=[deeplink];;
DE;10380;http://partners.webmasterplan.com/click.aspx?site=10380&ref=[ref]&type=text&tnb=44&diurl=[deeplink];;
FR;12877;http://clic.reussissonsensemble.fr/click.aspx?site=12877&ref=[ref]&type=text&tnb=7&diurl=[deeplink];utm_source=Affilinet&utm_medium=Affiliation&utm_campaign=Default;
DE;9384;http://partners.webmasterplan.com/click.aspx?site=9384&ref=[ref]&type=text&tnb=63&diurl=[deeplink];;http://tracking.metalyzer.com/rolandschuhe/click.php?kid=1637&dlid=1&conid=17518&fwid=1188431&ref=$ref$&url=
EN;9744;http://being.successfultogether.co.uk/click.aspx?site=9744&ref=[ref]&type=text&tnb=15&diurl=[deeplink];;
DE;14144;http://partners.webmasterplan.com/click.aspx?site=14144&ref=[ref]&type=text&tnb=50&diurl=[deeplink];;
DE;16516;http://partners.webmasterplan.com/click.aspx?site=16516&ref=[ref]&type=text&tnb=26&diurl=[deeplink];;
DE;13244;http://partners.webmasterplan.com/click.aspx?site=13244&ref=[ref]&type=text&tnb=56&diurl=[deeplink];;
DE;13825;http://partners.webmasterplan.com/click.aspx?site=13825&ref=[ref]&type=text&tnb=43&diurl=[deeplink];;
DE;8061;http://partners.webmasterplan.com/click.aspx?site=8061&ref=[ref]&type=text&tnb=16&diurl=[deeplink];utm_medium=CPO&utm_campaign=AFFILIATES&utm_source=AFFILINET;
DE;3690;http://partners.webmasterplan.com/click.aspx?site=3690&ref=[ref]&type=text&tnb=16&diurl=[deeplink];partnerid=33A;
CH;12432;http://partners.webmasterplan.com/click.aspx?site=12432&ref=[ref]&type=text&tnb=17&diurl=[deeplink];;
DE;11080;http://partners.webmasterplan.com/click.aspx?site=11080&ref=[ref]&type=text&tnb=36&diurl=[deeplink];vcp=d371618ae93f99&refPa=1&refID=Meyer_DE/Affilinet/NV&emsrc=Affiliate;
CH;11597;http://partners.webmasterplan.com/click.aspx?site=11597&ref=[ref]&type=text&tnb=30&diurl=[deeplink];Country=CH&ID=aff_rd_ch_affilinet;
DE;4311;http://partners.webmasterplan.com/click.aspx?site=4311&ref=[ref]&type=text&tnb=52&diurl=[deeplink];_$ja=tsid:82970&campaign=de/affiliate/af;
DE;5051;http://partners.webmasterplan.com/click.aspx?site=5051&ref=[ref]&type=text&tnb=109&diurl=[deeplink];utm_source=affilinet&utm_medium=affiliate&utm_campaign=affiliate-textlinks;
DE;14503;http://partners.webmasterplan.com/click.aspx?site=14503&ref=[ref]&type=text&tnb=194&diurl=[deeplink];;
DE;3943;http://partners.webmasterplan.com/click.aspx?site=3943&ref=[ref]&type=text&tnb=118&diurl=[deeplink];;
CH;14331;http://partners.webmasterplan.com/click.aspx?site=14331&ref=[ref]&type=text&tnb=26&diurl=[deeplink];;
DE;8200;http://partners.webmasterplan.com/click.aspx?site=8200&ref=[ref]&type=text&tnb=55&diurl=[deeplink];utm_source=affilinet_$ref$&utm_medium=affiliate&utm_campaign=linkgenerator&utm_content=default;
DE;13613;http://partners.webmasterplan.com/click.aspx?site=13613&ref=[ref]&type=text&tnb=13&diurl=[deeplink];;
CH;15674;http://partners.webmasterplan.com/click.aspx?site=15674&ref=[ref]&type=text&tnb=20&diurl=[deeplink];;
DE;7761;http://partners.webmasterplan.com/click.aspx?site=7761&ref=[ref]&type=text&tnb=16&diurl=[deeplink];utm_medium=textlink&utm_source=affilinet&utm_term=defaultdeeplink&utm_campaign=Affilinet&affiliateCode=affilinet&ia-pkpmtrack=100-6343835313236323131303-101-101-101;
DE;9444;http://partners.webmasterplan.com/click.aspx?site=9444&ref=[ref]&type=text&tnb=16&diurl=[deeplink];campaign=affiliate/Affilinet;
CH;12740;http://partners.webmasterplan.com/click.aspx?site=12740&ref=[ref]&type=text&tnb=21&diurl=[deeplink];utm_source=affiliate&utm_medium=affilinet&utm_term=cpo&utm_content=affilinet&utm_campaign=affilinet;
DE;15009;http://partners.webmasterplan.com/click.aspx?site=15009&ref=[ref]&type=text&tnb=9&diurl=[deeplink];;
AT;16474;http://partners.webmasterplan.com/click.aspx?site=16474&ref=[ref]&type=text&tnb=63&diurl=[deeplink];;
CH;13609;http://partners.webmasterplan.com/click.aspx?site=13609&ref=[ref]&type=text&tnb=98&diurl=[deeplink];utm_source=AFF_AN&utm_medium=banner;
DE;7041;http://partners.webmasterplan.com/click.aspx?site=7041&ref=[ref]&type=text&tnb=26&diurl=[deeplink];sPartner=vnxde-aff;
DE;2701;http://partners.webmasterplan.com/click.aspx?site=2701&ref=[ref]&type=text&tnb=422&diurl=[deeplink];adCode=332Q10V31N40X&utm_source=afn&utm_medium=af&utm_content=t&utm_campaign=af_Lkgen;
DE;314;http://partners.webmasterplan.com/click.aspx?site=314&ref=[ref]&type=text&tnb=31&diurl=[deeplink];Country=DE&ID=aff_rd_de_affilinet;
NL;15826;http://zijn.samenresultaat.nl/click.aspx?site=15826&ref=[ref]&type=text&tnb=12&diurl=[deeplink];;
FR;9437;http://clic.reussissonsensemble.fr/click.aspx?site=9437&ref=[ref]&type=text&tnb=12&diurl=[deeplink];utm_medium=display;
AT;15005;http://partners.webmasterplan.com/click.aspx?site=15005&ref=[ref]&type=text&tnb=20&diurl=[deeplink];utm_campaign=affilinet.generator.;
CH;14312;http://partners.webmasterplan.com/click.aspx?site=14312&ref=[ref]&type=text&tnb=26&diurl=[deeplink];utm_source=explido&utm_medium=textlinks;
DE;6654;http://partners.webmasterplan.com/click.aspx?site=6654&ref=[ref]&type=text&tnb=90&diurl=[deeplink];;https://m.exactag.com/cl.aspx?tc=c7b2572157da45cf25a81453c331bd00&keyword=$ref$&url=
DE;11101;http://partners.webmasterplan.com/click.aspx?site=11101&ref=[ref]&type=text&tnb=40&diurl=[deeplink];vcp=d371618ae93f99&refPa=1&refID=Miamoda_DE/Affilinet/NV&emsrc=Affiliate;
DE;6128;http://partners.webmasterplan.com/click.aspx?site=6128&ref=[ref]&type=text&tnb=50&diurl=[deeplink];source=affilinet&affid=affilinet;
DE;15731;http://partners.webmasterplan.com/click.aspx?site=15731&ref=[ref]&type=text&tnb=53&diurl=[deeplink];;
DE;3597;http://partners.webmasterplan.com/click.aspx?site=3597&ref=[ref]&type=text&tnb=45&diurl=[deeplink];;
DE;2767;http://partners.webmasterplan.com/click.aspx?site=2767&ref=[ref]&type=text&tnb=76&diurl=[deeplink];sPartner=112;
DE;3915;http://partners.webmasterplan.com/click.aspx?site=3915&ref=[ref]&type=text&tnb=302&diurl=[deeplink];;http://a.nonstoppartner.net/a/?i=click&client=medion&camp=wmgdeep&nw=3iel&l=de&uri=
NL;15887;http://zijn.samenresultaat.nl/click.aspx?site=15887&ref=[ref]&type=text&tnb=7&diurl=[deeplink];;
CH;14746;http://partners.webmasterplan.com/click.aspx?site=14746&ref=[ref]&type=text&tnb=13&diurl=[deeplink];;
EN;12319;http://being.successfultogether.co.uk/click.aspx?site=12319&ref=[ref]&type=text&tnb=199&diurl=[deeplink];"pmk=IAFFAFF130617-04;$ref$&campaign=affiliate/affilinet/$ref$/start/default";
DE;7514;http://partners.webmasterplan.com/click.aspx?site=7514&ref=[ref]&type=text&tnb=161&diurl=[deeplink];utm_source=null&utm_medium=affiliate-affilinet&utm_campaign=linkgenerator;
DE;7085;http://partners.webmasterplan.com/click.aspx?site=7085&ref=[ref]&type=text&tnb=25&diurl=[deeplink];utm_source=affiliate&utm_medium=affilinet&utm_campaign=incentive;
NL;16890;http://zijn.samenresultaat.nl/click.aspx?site=16890&ref=[ref]&type=text&tnb=6&diurl=[deeplink];;
DE;14196;http://partners.webmasterplan.com/click.aspx?site=14196&ref=[ref]&type=text&tnb=24&diurl=[deeplink];tracid=affilinet&utm_source=Affilinet&utm_medium=Ad&utm_campaign=Standard;
FR;13538;http://clic.reussissonsensemble.fr/click.aspx?site=13538&ref=[ref]&type=text&tnb=7&diurl=[deeplink];;
FR;11095;http://clic.reussissonsensemble.fr/click.aspx?site=11095&ref=[ref]&type=text&tnb=17&diurl=[deeplink];utm_source=affiliate&utm_medium=text&utm_campaign=text%20affiliate;
FR;11942;http://clic.reussissonsensemble.fr/click.aspx?site=11942&ref=[ref]&type=text&tnb=17&diurl=[deeplink];;
DE;12658;http://partners.webmasterplan.com/click.aspx?site=12658&ref=[ref]&type=text&tnb=19&diurl=[deeplink];;
DE;13534;http://partners.webmasterplan.com/click.aspx?site=13534&ref=[ref]&type=text&tnb=56&diurl=[deeplink];;
FR;7624;http://clic.reussissonsensemble.fr/click.aspx?site=7624&ref=[ref]&type=text&tnb=11&diurl=[deeplink];;
DE;15094;http://partners.webmasterplan.com/click.aspx?site=15094&ref=[ref]&type=text&tnb=35&diurl=[deeplink];;
DE;9323;http://partners.webmasterplan.com/click.aspx?site=9323&ref=[ref]&type=text&tnb=16&diurl=[deeplink];;
DE;11133;http://partners.webmasterplan.com/click.aspx?site=11133&ref=[ref]&type=text&tnb=36&diurl=[deeplink];;
DE;3621;http://partners.webmasterplan.com/click.aspx?site=3621&ref=[ref]&type=text&tnb=14&diurl=[deeplink];pid=12770;
AT;15114;http://partners.webmasterplan.com/click.aspx?site=15114&ref=[ref]&type=text&tnb=41&diurl=[deeplink];limit=36;
CH;14997;http://partners.webmasterplan.com/click.aspx?site=14997&ref=[ref]&type=text&tnb=26&diurl=[deeplink];;
DE;6423;http://partners.webmasterplan.com/click.aspx?site=6423&ref=[ref]&type=text&tnb=63&diurl=[deeplink];;
AT;15298;http://partners.webmasterplan.com/click.aspx?site=15298&ref=[ref]&type=text&tnb=46&diurl=[deeplink];;
DE;11117;http://partners.webmasterplan.com/click.aspx?site=11117&ref=[ref]&type=text&tnb=28&diurl=[deeplink];vcp=d371618ae93f99&refID=Babista_DE/Affilinet/NV/Default&emsrc=Affiliate;
DE;16444;http://partners.webmasterplan.com/click.aspx?site=16444&ref=[ref]&type=text&tnb=13&diurl=[deeplink];;
CH;13078;http://partners.webmasterplan.com/click.aspx?site=13078&ref=[ref]&type=text&tnb=14&diurl=[deeplink];utm_source=affiliate&utm_medium=affilinet&utm_campaign=text;
NL;15781;http://zijn.samenresultaat.nl/click.aspx?site=15781&ref=[ref]&type=text&tnb=20&diurl=[deeplink];;
DE;4186;http://partners.webmasterplan.com/click.aspx?site=4186&ref=[ref]&type=text&tnb=33&diurl=[deeplink];sxx_partner=affilinet_de_neu;
DE;13941;http://partners.webmasterplan.com/click.aspx?site=13941&ref=[ref]&type=text&tnb=20&diurl=[deeplink];;
DE;12092;http://partners.webmasterplan.com/click.aspx?site=12092&ref=[ref]&type=text&tnb=110&diurl=[deeplink];utm_campaign=AFF-home;
DE;16063;http://partners.webmasterplan.com/click.aspx?site=16063&ref=[ref]&type=text&tnb=20&diurl=[deeplink];utm_source=affili.net&utm_medium=affiliate&utm_campaign=affilinet;
DE;15806;http://partners.webmasterplan.com/click.aspx?site=15806&ref=[ref]&type=text&tnb=12&diurl=[deeplink];;
CH;15292;http://partners.webmasterplan.com/click.aspx?site=15292&ref=[ref]&type=text&tnb=15&diurl=[deeplink];;
CH;12389;http://partners.webmasterplan.com/click.aspx?site=12389&ref=[ref]&type=text&tnb=31&diurl=[deeplink];;
DE;5343;http://partners.webmasterplan.com/click.aspx?site=5343&ref=[ref]&type=text&tnb=110&diurl=[deeplink];vcp=d371618ae93f99&refID=Wenz_DE/Affilinet/NV/Default&emsrc=Affiliate;
DE;13242;http://partners.webmasterplan.com/click.aspx?site=13242&ref=[ref]&type=text&tnb=36&diurl=[deeplink];utm_source=affilinet&utm_medium=redirect&utm_campaign=integration;
DE;12398;http://partners.webmasterplan.com/click.aspx?site=12398&ref=[ref]&type=text&tnb=27&diurl=[deeplink];;
DE;10270;http://partners.webmasterplan.com/click.aspx?site=10270&ref=[ref]&type=text&tnb=127&diurl=[deeplink];campaign=affiliate/affilinet/textlink;
CH;14153;http://partners.webmasterplan.com/click.aspx?site=14153&ref=[ref]&type=text&tnb=36&diurl=[deeplink];;
AT;11734;http://partners.webmasterplan.com/click.aspx?site=11734&ref=[ref]&type=text&tnb=329&diurl=[deeplink];AffiliateID=affilinet&ActionID=public&WKZ=61&IWL=25&NUMSArt=90103010187960&NUMSArtPc=90103010187961&Name=deeplinkgenerator&utm_medium=affiliate&utm_source=affilinet&utm_campaign=public&utm_content=deeplinkgenerator;
DE;13878;http://partners.webmasterplan.com/click.aspx?site=13878&ref=[ref]&type=text&tnb=18&diurl=[deeplink];;
FR;8850;http://clic.reussissonsensemble.fr/click.aspx?site=8850&ref=[ref]&type=text&tnb=19&diurl=[deeplink];;
CH;13842;http://partners.webmasterplan.com/click.aspx?site=13842&ref=[ref]&type=text&tnb=39&diurl=[deeplink];utm_source=affilinet&utm_medium=Display;
DE;15640;http://partners.webmasterplan.com/click.aspx?site=15640&ref=[ref]&type=text&tnb=39&diurl=[deeplink];;
DE;10381;http://partners.webmasterplan.com/click.aspx?site=10381&ref=[ref]&type=text&tnb=15&diurl=[deeplink];;
FR;14375;http://clic.reussissonsensemble.fr/click.aspx?site=14375&ref=[ref]&type=text&tnb=10&diurl=[deeplink];utm_source=affilinet&utm_medium=affiliation&utm_campaign=affiliation%202015;
DE;9111;http://partners.webmasterplan.com/click.aspx?site=9111&ref=[ref]&type=text&tnb=23&diurl=[deeplink];JumpIn=1&WebID=60;
DE;3669;http://partners.webmasterplan.com/click.aspx?site=3669&ref=[ref]&type=text&tnb=56&diurl=[deeplink];utm_source=affilinet&utm_medium=link&utm_campaign=Affiliates;
DE;14502;http://partners.webmasterplan.com/click.aspx?site=14502&ref=[ref]&type=text&tnb=18&diurl=[deeplink];utm_source=affiliate&utm_medium=default&utm_term=&utm_campaign=affilinet_startseite;
DE;6624;http://partners.webmasterplan.com/click.aspx?site=6624&ref=[ref]&type=text&tnb=39&diurl=[deeplink];campaign=affilinet&ia-pkpmtrack=100-4343735313236323131303-119-101-101;
DE;15112;http://partners.webmasterplan.com/click.aspx?site=15112&ref=[ref]&type=text&tnb=10&diurl=[deeplink];;
DE;14902;http://partners.webmasterplan.com/click.aspx?site=14902&ref=[ref]&type=text&tnb=42&diurl=[deeplink];;
DE;9101;http://partners.webmasterplan.com/click.aspx?site=9101&ref=[ref]&type=text&tnb=19&diurl=[deeplink];;
AT;11668;http://partners.webmasterplan.com/click.aspx?site=11668&ref=[ref]&type=text&tnb=16&diurl=[deeplink];;
DE;9969;http://partners.webmasterplan.com/click.aspx?site=9969&ref=[ref]&type=text&tnb=17&diurl=[deeplink];RefID=A_a&utm_source=Affiliate&utm_medium=cpl&utm_campaign=Affilinet;
DE;11824;http://partners.webmasterplan.com/click.aspx?site=11824&ref=[ref]&type=text&tnb=92&diurl=[deeplink];utm_source=Affiliate&utm_medium=Banner&utm_campaign=Affilinet;
DE;10956;http://partners.webmasterplan.com/click.aspx?site=10956&ref=[ref]&type=text&tnb=18&diurl=[deeplink];;
DE;15863;http://partners.webmasterplan.com/click.aspx?site=15863&ref=[ref]&type=text&tnb=18&diurl=[deeplink];utm_source=affilinet&utm_medium=affiliate&utm_campaign=cpo;
DE;16417;http://partners.webmasterplan.com/click.aspx?site=16417&ref=[ref]&type=text&tnb=12&diurl=[deeplink];;
DE;3118;http://partners.webmasterplan.com/click.aspx?site=3118&ref=[ref]&type=text&tnb=26&diurl=[deeplink];;
DE;15511;http://partners.webmasterplan.com/click.aspx?site=15511&ref=[ref]&type=text&tnb=47&diurl=[deeplink];;
DE;13169;http://partners.webmasterplan.com/click.aspx?site=13169&ref=[ref]&type=text&tnb=47&diurl=[deeplink];;
DE;15682;http://partners.webmasterplan.com/click.aspx?site=15682&ref=[ref]&type=text&tnb=12&diurl=[deeplink];;
CH;11603;http://partners.webmasterplan.com/click.aspx?site=11603&ref=[ref]&type=text&tnb=24&diurl=[deeplink];;http://tracking.mlsat02.de/buttinette/forwarding.php?kid=2392&dlid=1&conid=36003&fwid=1220671&url=
DE;8669;http://partners.webmasterplan.com/click.aspx?site=8669&ref=[ref]&type=text&tnb=87&diurl=[deeplink];utm_source=affilinet&utm_medium=affiliate&utm_campaign=affilinet&utm_ref=$ref$;
DE;3643;http://partners.webmasterplan.com/click.aspx?site=3643&ref=[ref]&type=text&tnb=91&diurl=[deeplink];WKZ=77&IWL=153&NUMSArt=41401386&NUMSArtPc=41417091&AffiliateID=affilinet&ActionID=default;
FR;13615;http://clic.reussissonsensemble.fr/click.aspx?site=13615&ref=[ref]&type=text&tnb=20&diurl=[deeplink];;
FR;9424;http://clic.reussissonsensemble.fr/click.aspx?site=9424&ref=[ref]&type=text&tnb=23&diurl=[deeplink];;
FR;15843;http://clic.reussissonsensemble.fr/click.aspx?site=15843&ref=[ref]&type=text&tnb=6&diurl=[deeplink];;
DE;12352;http://partners.webmasterplan.com/click.aspx?site=12352&ref=[ref]&type=text&tnb=22&diurl=[deeplink];utm_campaign=affilinet;
DE;5504;http://partners.webmasterplan.com/click.aspx?site=5504&ref=[ref]&type=text&tnb=31&diurl=[deeplink];sPartner=Affilinet;
FR;7537;http://clic.reussissonsensemble.fr/click.aspx?site=7537&ref=[ref]&type=text&tnb=41&diurl=[deeplink];;http://a.nonstoppartner.net/a/?client=swarovski&camp=lpurl&l=fr&nw=3iel&i=click&ref=$ref$&lpurl=
DE;5926;http://partners.webmasterplan.com/click.aspx?site=5926&ref=[ref]&type=text&tnb=39&diurl=[deeplink];campaign=affiliate/affilinet/banner/allgemein;
DE;12655;http://partners.webmasterplan.com/click.aspx?site=12655&ref=[ref]&type=text&tnb=34&diurl=[deeplink];;
DE;13194;http://partners.webmasterplan.com/click.aspx?site=13194&ref=[ref]&type=text&tnb=51&diurl=[deeplink];;
DE;6512;http://partners.webmasterplan.com/click.aspx?site=6512&ref=[ref]&type=text&tnb=20&diurl=[deeplink];;
DE;2696;http://partners.webmasterplan.com/click.aspx?site=2696&ref=[ref]&type=text&tnb=42&diurl=[deeplink];p=100001;
DE;15446;http://partners.webmasterplan.com/click.aspx?site=15446&ref=[ref]&type=text&tnb=9&diurl=[deeplink];;
DE;15670;http://partners.webmasterplan.com/click.aspx?site=15670&ref=[ref]&type=text&tnb=12&diurl=[deeplink];;
DE;14241;http://partners.webmasterplan.com/click.aspx?site=14241&ref=[ref]&type=text&tnb=11&diurl=[deeplink];;
DE;14524;http://partners.webmasterplan.com/click.aspx?site=14524&ref=[ref]&type=text&tnb=22&diurl=[deeplink];refID=affiliates/de/affilinet;
DE;3372;http://partners.webmasterplan.com/click.aspx?site=3372&ref=[ref]&type=text&tnb=54&diurl=[deeplink];campaign=affiliate/affilinet;
DE;16377;http://partners.webmasterplan.com/click.aspx?site=16377&ref=[ref]&type=text&tnb=12&diurl=[deeplink];;
AT;11730;http://partners.webmasterplan.com/click.aspx?site=11730&ref=[ref]&type=text&tnb=50&diurl=[deeplink];wt_cc1=[[trackingcode]]&wbdc=qhg0TlBgL9;http://carat.adspirit.de/adclick.php?pid=1287&wmid=2157&ord=[timestamp]&target=http://m.exactag.com/cl.aspx?tc=f02da95d66477805d2c2890cb557aa6a&keyword=%ref%&ref=%ref%&url=
DE;15590;http://partners.webmasterplan.com/click.aspx?site=15590&ref=[ref]&type=text&tnb=11&diurl=[deeplink];utm_source=affilinet&utm_medium=affiliation&utm_campaign=$chgr1name$&r=affilinet&ids=$ref$;
DE;3054;http://partners.webmasterplan.com/click.aspx?site=3054&ref=[ref]&type=text&tnb=60&diurl=[deeplink];pe=w6-o6_affilinet;
DE;12897;http://partners.webmasterplan.com/click.aspx?site=12897&ref=[ref]&type=text&tnb=11&diurl=[deeplink];;
CH;12604;http://partners.webmasterplan.com/click.aspx?site=12604&ref=[ref]&type=text&tnb=44&diurl=[deeplink];AffiliateID=Affilinet&Name=allgemein&ActionID=Allgemeine_Aktion&WKZ=61&IWL=25&NUMSArt=17766582&NUMSArtPc=17766583;
DE;16130;http://partners.webmasterplan.com/click.aspx?site=16130&ref=[ref]&type=text&tnb=7&diurl=[deeplink];;
DE;14112;http://partners.webmasterplan.com/click.aspx?site=14112&ref=[ref]&type=text&tnb=21&diurl=[deeplink];;
FR;12301;http://clic.reussissonsensemble.fr/click.aspx?site=12301&ref=[ref]&type=text&tnb=10&diurl=[deeplink];;
FR;9042;http://clic.reussissonsensemble.fr/click.aspx?site=9042&ref=[ref]&type=text&tnb=47&diurl=[deeplink];;
AT;14976;http://partners.webmasterplan.com/click.aspx?site=14976&ref=[ref]&type=text&tnb=14&diurl=[deeplink];utm_id=shJcGtEq.UoSSbDG.opid2.opid;
NL;15874;http://zijn.samenresultaat.nl/click.aspx?site=15874&ref=[ref]&type=text&tnb=9&diurl=[deeplink];;
DE;9067;http://partners.webmasterplan.com/click.aspx?site=9067&ref=[ref]&type=text&tnb=57&diurl=[deeplink];;
AT;14594;http://partners.webmasterplan.com/click.aspx?site=14594&ref=[ref]&type=text&tnb=11&diurl=[deeplink];source_code=AFNORBN0419169037&bp_ua;
DE;9968;http://partners.webmasterplan.com/click.aspx?site=9968&ref=[ref]&type=text&tnb=42&diurl=[deeplink];;
DE;13634;http://partners.webmasterplan.com/click.aspx?site=13634&ref=[ref]&type=text&tnb=41&diurl=[deeplink];;
DE;14810;http://partners.webmasterplan.com/click.aspx?site=14810&ref=[ref]&type=text&tnb=13&diurl=[deeplink];campaign=affilinet&mk=affilinet/$ref$&utm_source=affilinet&utm_medium=affiliate&utm_campaign=$ref$;
DE;7449;http://partners.webmasterplan.com/click.aspx?site=7449&ref=[ref]&type=text&tnb=435&diurl=[deeplink];;
DE;8299;http://partners.webmasterplan.com/click.aspx?site=8299&ref=[ref]&type=text&tnb=74&diurl=[deeplink];websale7=oboy&act=start&utm_source=Affilinet&utm_medium=Banner&utm_campaign=Startseite;
DE;10555;http://partners.webmasterplan.com/click.aspx?site=10555&ref=[ref]&type=text&tnb=17&diurl=[deeplink];;
NL;9425;http://zijn.samenresultaat.nl/click.aspx?site=9425&ref=[ref]&type=text&tnb=81&diurl=[deeplink];;http://tracking.metalyzer.com/deichmann/nl/click.php?kid=1238&dlid=1&conid=11710&fwid=286621&url=
DE;13829;http://partners.webmasterplan.com/click.aspx?site=13829&ref=[ref]&type=text&tnb=38&diurl=[deeplink];;
DE;10689;http://partners.webmasterplan.com/click.aspx?site=10689&ref=[ref]&type=text&tnb=30&diurl=[deeplink];;https://tracking.metalyzer.com/odlo/de/click.php?kid=2253&dlid=1&conid=33210&fwid=1171369&$ref$&url=
DE;15154;http://partners.webmasterplan.com/click.aspx?site=15154&ref=[ref]&type=text&tnb=9&diurl=[deeplink];;
FR;12313;http://clic.reussissonsensemble.fr/click.aspx?site=12313&ref=[ref]&type=text&tnb=211&diurl=[deeplink];"pmk=IAFFAFF130617-03;$ref$&campaign=affiliate/affilinet/$ref$/start/default";
CH;12100;http://partners.webmasterplan.com/click.aspx?site=12100&ref=[ref]&type=text&tnb=136&diurl=[deeplink];WKZ=95&IWL=900&ns_mchannel=aff&ns_fee=0;
DE;15520;http://partners.webmasterplan.com/click.aspx?site=15520&ref=[ref]&type=text&tnb=15&diurl=[deeplink];;
DE;16653;http://partners.webmasterplan.com/click.aspx?site=16653&ref=[ref]&type=text&tnb=5&diurl=[deeplink];;
DE;16572;http://partners.webmasterplan.com/click.aspx?site=16572&ref=[ref]&type=text&tnb=13&diurl=[deeplink];;
